-- ============================================================
-- MASSIVE SEED DATA – system-gestion-soutenance-api
-- Generated: 2026-05-25
-- ============================================================

-- Majors
INSERT INTO major (id, name) VALUES ('m1', 'Génie Informatique');
INSERT INTO major (id, name) VALUES ('m2', 'Génie Industriel');
INSERT INTO major (id, name) VALUES ('m3', 'Génie Civil');
INSERT INTO major (id, name) VALUES ('m4', 'Génie Électrique');
INSERT INTO major (id, name) VALUES ('m5', 'Management');

-- Levels
INSERT INTO level (id, name) VALUES ('n1', 'Licence');
INSERT INTO level (id, name) VALUES ('n2', 'Master');
INSERT INTO level (id, name) VALUES ('n3', 'Doctorat');

-- Grades
INSERT INTO grade (id, name) VALUES ('g1', 'PES');
INSERT INTO grade (id, name) VALUES ('g2', 'PH');
INSERT INTO grade (id, name) VALUES ('g3', 'PA');

-- Faculty
INSERT INTO faculty (id, name, code) VALUES ('f1', 'Faculté des Sciences Ben M''Sik', 'FSBM');

-- Departments (head_id and faculty_id set later after teachers exist)
INSERT INTO department (id, name, code, faculty_id) VALUES ('1', 'Informatique', 'INFO', 'f1');
INSERT INTO department (id, name, code, faculty_id) VALUES ('2', 'Mathématiques', 'MATH', 'f1');
INSERT INTO department (id, name, code, faculty_id) VALUES ('3', 'Physique', 'PHYS', 'f1');
INSERT INTO department (id, name, code, faculty_id) VALUES ('4', 'Biologie', 'BIO', 'f1');

-- ============================================================
-- USERS (admin, coordinator, teachers, students)
-- Password for all users: 1234 (BCrypt)
-- ============================================================
INSERT INTO users (dtype, id, email, password, role, last_name, first_name, is_active, verification_token) VALUES ('User', '1', 'admin@univh2c.ma', '$2a$10$AY8qLutbqcPipSj1wCrt8.kqsfsezlmzkPa3YXE5Y7blECJqNj0ei', 'ADMIN', 'Ahmadi', 'Mohamed', true, null);
INSERT INTO users (dtype, id, email, password, role, last_name, first_name, is_active, verification_token) VALUES ('COORDINATOR', '2', 'coord@univh2c.ma', '$2a$10$AY8qLutbqcPipSj1wCrt8.kqsfsezlmzkPa3YXE5Y7blECJqNj0ei', 'COORDINATOR', 'Ouchen', 'Yassin', true, null);
INSERT INTO users (dtype, id, email, password, role, last_name, first_name, is_active, verification_token) VALUES ('TEACHER', '3', 'teacher@univh2c.ma', '$2a$10$AY8qLutbqcPipSj1wCrt8.kqsfsezlmzkPa3YXE5Y7blECJqNj0ei', 'TEACHER', 'Ben Ali', 'Ali', true, null);
INSERT INTO users (dtype, id, email, password, role, last_name, first_name, is_active, verification_token) VALUES ('TEACHER', '4', 'moussa@univh2c.ma', '$2a$10$AY8qLutbqcPipSj1wCrt8.kqsfsezlmzkPa3YXE5Y7blECJqNj0ei', 'TEACHER', 'Alami', 'Moussa', true, null);
INSERT INTO users (dtype, id, email, password, role, last_name, first_name, is_active, verification_token) VALUES ('TEACHER', 't3', 'hassan@univh2c.ma', '$2a$10$AY8qLutbqcPipSj1wCrt8.kqsfsezlmzkPa3YXE5Y7blECJqNj0ei', 'TEACHER', 'El Ghazi', 'Hassan', true, null);
INSERT INTO users (dtype, id, email, password, role, last_name, first_name, is_active, verification_token) VALUES ('TEACHER', 't4', 'jamila@univh2c.ma', '$2a$10$AY8qLutbqcPipSj1wCrt8.kqsfsezlmzkPa3YXE5Y7blECJqNj0ei', 'TEACHER', 'Benkirane', 'Jamila', true, null);
INSERT INTO users (dtype, id, email, password, role, last_name, first_name, is_active, verification_token) VALUES ('TEACHER', 't5', 'rachid@univh2c.ma', '$2a$10$AY8qLutbqcPipSj1wCrt8.kqsfsezlmzkPa3YXE5Y7blECJqNj0ei', 'TEACHER', 'El Ouafi', 'Rachid', true, null);
INSERT INTO users (dtype, id, email, password, role, last_name, first_name, is_active, verification_token) VALUES ('TEACHER', 't6', 'khadija@univh2c.ma', '$2a$10$AY8qLutbqcPipSj1wCrt8.kqsfsezlmzkPa3YXE5Y7blECJqNj0ei', 'TEACHER', 'El Fekkak', 'Khadija', true, null);
INSERT INTO users (dtype, id, email, password, role, last_name, first_name, is_active, verification_token) VALUES ('TEACHER', 't7', 'nabil@univh2c.ma', '$2a$10$AY8qLutbqcPipSj1wCrt8.kqsfsezlmzkPa3YXE5Y7blECJqNj0ei', 'TEACHER', 'Ben Omar', 'Nabil', true, null);
INSERT INTO users (dtype, id, email, password, role, last_name, first_name, is_active, verification_token) VALUES ('TEACHER', 't8', 'samira@univh2c.ma', '$2a$10$AY8qLutbqcPipSj1wCrt8.kqsfsezlmzkPa3YXE5Y7blECJqNj0ei', 'TEACHER', 'El Kholti', 'Samira', true, null);
INSERT INTO users (dtype, id, email, password, role, last_name, first_name, is_active, verification_token) VALUES ('TEACHER', 't9', 'abdellah@univh2c.ma', '$2a$10$AY8qLutbqcPipSj1wCrt8.kqsfsezlmzkPa3YXE5Y7blECJqNj0ei', 'TEACHER', 'El Idrissi', 'Abdellah', true, null);
INSERT INTO users (dtype, id, email, password, role, last_name, first_name, is_active, verification_token) VALUES ('TEACHER', 't10', 'fatiha@univh2c.ma', '$2a$10$AY8qLutbqcPipSj1wCrt8.kqsfsezlmzkPa3YXE5Y7blECJqNj0ei', 'TEACHER', 'Bensouda', 'Fatiha', true, null);
INSERT INTO users (dtype, id, email, password, role, last_name, first_name, is_active, verification_token) VALUES ('TEACHER', 't11', 'karim@univh2c.ma', '$2a$10$AY8qLutbqcPipSj1wCrt8.kqsfsezlmzkPa3YXE5Y7blECJqNj0ei', 'TEACHER', 'El Mourabit', 'Karim', true, null);
INSERT INTO users (dtype, id, email, password, role, last_name, first_name, is_active, verification_token) VALUES ('TEACHER', 't12', 'latifa@univh2c.ma', '$2a$10$AY8qLutbqcPipSj1wCrt8.kqsfsezlmzkPa3YXE5Y7blECJqNj0ei', 'TEACHER', 'El Hassani', 'Latifa', true, null);

-- Coordinator subclass
INSERT INTO coordinator (id) VALUES ('2');

-- Teacher subclasses
INSERT INTO teacher (id, grade_id, department_id) VALUES ('3', 'g1', '1');
INSERT INTO teacher (id, grade_id, department_id) VALUES ('4', 'g2', '2');
INSERT INTO teacher (id, grade_id, department_id) VALUES ('t3', 'g3', '3');
INSERT INTO teacher (id, grade_id, department_id) VALUES ('t4', 'g1', '4');
INSERT INTO teacher (id, grade_id, department_id) VALUES ('t5', 'g2', '1');
INSERT INTO teacher (id, grade_id, department_id) VALUES ('t6', 'g3', '2');
INSERT INTO teacher (id, grade_id, department_id) VALUES ('t7', 'g1', '3');
INSERT INTO teacher (id, grade_id, department_id) VALUES ('t8', 'g2', '4');
INSERT INTO teacher (id, grade_id, department_id) VALUES ('t9', 'g3', '1');
INSERT INTO teacher (id, grade_id, department_id) VALUES ('t10', 'g1', '2');
INSERT INTO teacher (id, grade_id, department_id) VALUES ('t11', 'g2', '3');
INSERT INTO teacher (id, grade_id, department_id) VALUES ('t12', 'g3', '4');

-- Department heads (circular FK resolved)
UPDATE department SET head_id = 't4' WHERE id = '1';
UPDATE department SET head_id = 't5' WHERE id = '2';
UPDATE department SET head_id = 't6' WHERE id = '3';
UPDATE department SET head_id = 't7' WHERE id = '4';

-- ============================================================
-- STUDENTS (100)
-- ============================================================
INSERT INTO users (dtype, id, email, password, role, last_name, first_name, is_active, verification_token) VALUES ('STUDENT', 'std-demo', 'student@univh2c.ma', '$2a$10$AY8qLutbqcPipSj1wCrt8.kqsfsezlmzkPa3YXE5Y7blECJqNj0ei', 'STUDENT', 'Mohamed', 'Khalid', true, null);
INSERT INTO student (id, cne, major_id, level_id) VALUES ('std-demo', 'E13000999', 'm1', 'n2');
INSERT INTO users (dtype, id, email, password, role, last_name, first_name, is_active, verification_token) VALUES ('STUDENT', 'std-1', 'student1@univh2c.ma', '$2a$10$AY8qLutbqcPipSj1wCrt8.kqsfsezlmzkPa3YXE5Y7blECJqNj0ei', 'STUDENT', 'Benali', 'Salma', true, null);
INSERT INTO student (id, cne, major_id, level_id) VALUES ('std-1', 'E1300001', 'm2', 'n2');
INSERT INTO users (dtype, id, email, password, role, last_name, first_name, is_active, verification_token) VALUES ('STUDENT', 'std-2', 'student2@univh2c.ma', '$2a$10$AY8qLutbqcPipSj1wCrt8.kqsfsezlmzkPa3YXE5Y7blECJqNj0ei', 'STUDENT', 'Fassi', 'Yassine', true, null);
INSERT INTO student (id, cne, major_id, level_id) VALUES ('std-2', 'E1300002', 'm3', 'n3');
INSERT INTO users (dtype, id, email, password, role, last_name, first_name, is_active, verification_token) VALUES ('STUDENT', 'std-3', 'student3@univh2c.ma', '$2a$10$AY8qLutbqcPipSj1wCrt8.kqsfsezlmzkPa3YXE5Y7blECJqNj0ei', 'STUDENT', 'Tazi', 'Fatima', true, null);
INSERT INTO student (id, cne, major_id, level_id) VALUES ('std-3', 'E1300003', 'm4', 'n1');
INSERT INTO users (dtype, id, email, password, role, last_name, first_name, is_active, verification_token) VALUES ('STUDENT', 'std-4', 'student4@univh2c.ma', '$2a$10$AY8qLutbqcPipSj1wCrt8.kqsfsezlmzkPa3YXE5Y7blECJqNj0ei', 'STUDENT', 'Mansouri', 'Mehdi', true, null);
INSERT INTO student (id, cne, major_id, level_id) VALUES ('std-4', 'E1300004', 'm5', 'n2');
INSERT INTO users (dtype, id, email, password, role, last_name, first_name, is_active, verification_token) VALUES ('STUDENT', 'std-5', 'student5@univh2c.ma', '$2a$10$AY8qLutbqcPipSj1wCrt8.kqsfsezlmzkPa3YXE5Y7blECJqNj0ei', 'STUDENT', 'Radi', 'Sofia', true, null);
INSERT INTO student (id, cne, major_id, level_id) VALUES ('std-5', 'E1300005', 'm1', 'n3');
INSERT INTO users (dtype, id, email, password, role, last_name, first_name, is_active, verification_token) VALUES ('STUDENT', 'std-6', 'student6@univh2c.ma', '$2a$10$AY8qLutbqcPipSj1wCrt8.kqsfsezlmzkPa3YXE5Y7blECJqNj0ei', 'STUDENT', 'Idrissi', 'Omar', true, null);
INSERT INTO student (id, cne, major_id, level_id) VALUES ('std-6', 'E1300006', 'm2', 'n1');
INSERT INTO users (dtype, id, email, password, role, last_name, first_name, is_active, verification_token) VALUES ('STUDENT', 'std-7', 'student7@univh2c.ma', '$2a$10$AY8qLutbqcPipSj1wCrt8.kqsfsezlmzkPa3YXE5Y7blECJqNj0ei', 'STUDENT', 'Bennani', 'Hajar', true, null);
INSERT INTO student (id, cne, major_id, level_id) VALUES ('std-7', 'E1300007', 'm3', 'n2');
INSERT INTO users (dtype, id, email, password, role, last_name, first_name, is_active, verification_token) VALUES ('STUDENT', 'std-8', 'student8@univh2c.ma', '$2a$10$AY8qLutbqcPipSj1wCrt8.kqsfsezlmzkPa3YXE5Y7blECJqNj0ei', 'STUDENT', 'Kettani', 'Khalid', true, null);
INSERT INTO student (id, cne, major_id, level_id) VALUES ('std-8', 'E1300008', 'm4', 'n3');
INSERT INTO users (dtype, id, email, password, role, last_name, first_name, is_active, verification_token) VALUES ('STUDENT', 'std-9', 'student9@univh2c.ma', '$2a$10$AY8qLutbqcPipSj1wCrt8.kqsfsezlmzkPa3YXE5Y7blECJqNj0ei', 'STUDENT', 'Amrani', 'Layla', true, null);
INSERT INTO student (id, cne, major_id, level_id) VALUES ('std-9', 'E1300009', 'm5', 'n1');
INSERT INTO users (dtype, id, email, password, role, last_name, first_name, is_active, verification_token) VALUES ('STUDENT', 'std-10', 'student10@univh2c.ma', '$2a$10$AY8qLutbqcPipSj1wCrt8.kqsfsezlmzkPa3YXE5Y7blECJqNj0ei', 'STUDENT', 'Lahlou', 'Zakaria', true, null);
INSERT INTO student (id, cne, major_id, level_id) VALUES ('std-10', 'E1300010', 'm1', 'n2');
INSERT INTO users (dtype, id, email, password, role, last_name, first_name, is_active, verification_token) VALUES ('STUDENT', 'std-11', 'student11@univh2c.ma', '$2a$10$AY8qLutbqcPipSj1wCrt8.kqsfsezlmzkPa3YXE5Y7blECJqNj0ei', 'STUDENT', 'Sekkat', 'Nadia', true, null);
INSERT INTO student (id, cne, major_id, level_id) VALUES ('std-11', 'E1300011', 'm2', 'n3');
INSERT INTO users (dtype, id, email, password, role, last_name, first_name, is_active, verification_token) VALUES ('STUDENT', 'std-12', 'student12@univh2c.ma', '$2a$10$AY8qLutbqcPipSj1wCrt8.kqsfsezlmzkPa3YXE5Y7blECJqNj0ei', 'STUDENT', 'Guessous', 'Hamza', true, null);
INSERT INTO student (id, cne, major_id, level_id) VALUES ('std-12', 'E1300012', 'm3', 'n1');
INSERT INTO users (dtype, id, email, password, role, last_name, first_name, is_active, verification_token) VALUES ('STUDENT', 'std-13', 'student13@univh2c.ma', '$2a$10$AY8qLutbqcPipSj1wCrt8.kqsfsezlmzkPa3YXE5Y7blECJqNj0ei', 'STUDENT', 'Filali', 'Zineb', true, null);
INSERT INTO student (id, cne, major_id, level_id) VALUES ('std-13', 'E1300013', 'm4', 'n2');
INSERT INTO users (dtype, id, email, password, role, last_name, first_name, is_active, verification_token) VALUES ('STUDENT', 'std-14', 'student14@univh2c.ma', '$2a$10$AY8qLutbqcPipSj1wCrt8.kqsfsezlmzkPa3YXE5Y7blECJqNj0ei', 'STUDENT', 'Skalli', 'Anas', true, null);
INSERT INTO student (id, cne, major_id, level_id) VALUES ('std-14', 'E1300014', 'm5', 'n3');
INSERT INTO users (dtype, id, email, password, role, last_name, first_name, is_active, verification_token) VALUES ('STUDENT', 'std-15', 'student15@univh2c.ma', '$2a$10$AY8qLutbqcPipSj1wCrt8.kqsfsezlmzkPa3YXE5Y7blECJqNj0ei', 'STUDENT', 'Kadiri', 'Meryem', true, null);
INSERT INTO student (id, cne, major_id, level_id) VALUES ('std-15', 'E1300015', 'm1', 'n1');
INSERT INTO users (dtype, id, email, password, role, last_name, first_name, is_active, verification_token) VALUES ('STUDENT', 'std-16', 'student16@univh2c.ma', '$2a$10$AY8qLutbqcPipSj1wCrt8.kqsfsezlmzkPa3YXE5Y7blECJqNj0ei', 'STUDENT', 'Belkora', 'Reda', true, null);
INSERT INTO student (id, cne, major_id, level_id) VALUES ('std-16', 'E1300016', 'm2', 'n2');
INSERT INTO users (dtype, id, email, password, role, last_name, first_name, is_active, verification_token) VALUES ('STUDENT', 'std-17', 'student17@univh2c.ma', '$2a$10$AY8qLutbqcPipSj1wCrt8.kqsfsezlmzkPa3YXE5Y7blECJqNj0ei', 'STUDENT', 'Mernissi', 'Chaimae', true, null);
INSERT INTO student (id, cne, major_id, level_id) VALUES ('std-17', 'E1300017', 'm3', 'n3');
INSERT INTO users (dtype, id, email, password, role, last_name, first_name, is_active, verification_token) VALUES ('STUDENT', 'std-18', 'student18@univh2c.ma', '$2a$10$AY8qLutbqcPipSj1wCrt8.kqsfsezlmzkPa3YXE5Y7blECJqNj0ei', 'STUDENT', 'Berrada', 'Ayoub', true, null);
INSERT INTO student (id, cne, major_id, level_id) VALUES ('std-18', 'E1300018', 'm4', 'n1');
INSERT INTO users (dtype, id, email, password, role, last_name, first_name, is_active, verification_token) VALUES ('STUDENT', 'std-19', 'student19@univh2c.ma', '$2a$10$AY8qLutbqcPipSj1wCrt8.kqsfsezlmzkPa3YXE5Y7blECJqNj0ei', 'STUDENT', 'El Hachimi', 'Ibtissam', true, null);
INSERT INTO student (id, cne, major_id, level_id) VALUES ('std-19', 'E1300019', 'm5', 'n2');
INSERT INTO users (dtype, id, email, password, role, last_name, first_name, is_active, verification_token) VALUES ('STUDENT', 'std-20', 'student20@univh2c.ma', '$2a$10$AY8qLutbqcPipSj1wCrt8.kqsfsezlmzkPa3YXE5Y7blECJqNj0ei', 'STUDENT', 'El Amrani', 'Youssef', true, null);
INSERT INTO student (id, cne, major_id, level_id) VALUES ('std-20', 'E1300020', 'm1', 'n3');
INSERT INTO users (dtype, id, email, password, role, last_name, first_name, is_active, verification_token) VALUES ('STUDENT', 'std-21', 'student21@univh2c.ma', '$2a$10$AY8qLutbqcPipSj1wCrt8.kqsfsezlmzkPa3YXE5Y7blECJqNj0ei', 'STUDENT', 'Bouazza', 'Khaoula', true, null);
INSERT INTO student (id, cne, major_id, level_id) VALUES ('std-21', 'E1300021', 'm2', 'n1');
INSERT INTO users (dtype, id, email, password, role, last_name, first_name, is_active, verification_token) VALUES ('STUDENT', 'std-22', 'student22@univh2c.ma', '$2a$10$AY8qLutbqcPipSj1wCrt8.kqsfsezlmzkPa3YXE5Y7blECJqNj0ei', 'STUDENT', 'Chaoui', 'Rachid', true, null);
INSERT INTO student (id, cne, major_id, level_id) VALUES ('std-22', 'E1300022', 'm3', 'n2');
INSERT INTO users (dtype, id, email, password, role, last_name, first_name, is_active, verification_token) VALUES ('STUDENT', 'std-23', 'student23@univh2c.ma', '$2a$10$AY8qLutbqcPipSj1wCrt8.kqsfsezlmzkPa3YXE5Y7blECJqNj0ei', 'STUDENT', 'Dahbi', 'Sara', true, null);
INSERT INTO student (id, cne, major_id, level_id) VALUES ('std-23', 'E1300023', 'm4', 'n3');
INSERT INTO users (dtype, id, email, password, role, last_name, first_name, is_active, verification_token) VALUES ('STUDENT', 'std-24', 'student24@univh2c.ma', '$2a$10$AY8qLutbqcPipSj1wCrt8.kqsfsezlmzkPa3YXE5Y7blECJqNj0ei', 'STUDENT', 'El Fassi', 'Hassan', true, null);
INSERT INTO student (id, cne, major_id, level_id) VALUES ('std-24', 'E1300024', 'm5', 'n1');
INSERT INTO users (dtype, id, email, password, role, last_name, first_name, is_active, verification_token) VALUES ('STUDENT', 'std-25', 'student25@univh2c.ma', '$2a$10$AY8qLutbqcPipSj1wCrt8.kqsfsezlmzkPa3YXE5Y7blECJqNj0ei', 'STUDENT', 'Guedira', 'Amina', true, null);
INSERT INTO student (id, cne, major_id, level_id) VALUES ('std-25', 'E1300025', 'm1', 'n2');
INSERT INTO users (dtype, id, email, password, role, last_name, first_name, is_active, verification_token) VALUES ('STUDENT', 'std-26', 'student26@univh2c.ma', '$2a$10$AY8qLutbqcPipSj1wCrt8.kqsfsezlmzkPa3YXE5Y7blECJqNj0ei', 'STUDENT', 'Hamidi', 'Ahmed', true, null);
INSERT INTO student (id, cne, major_id, level_id) VALUES ('std-26', 'E1300026', 'm2', 'n3');
INSERT INTO users (dtype, id, email, password, role, last_name, first_name, is_active, verification_token) VALUES ('STUDENT', 'std-27', 'student27@univh2c.ma', '$2a$10$AY8qLutbqcPipSj1wCrt8.kqsfsezlmzkPa3YXE5Y7blECJqNj0ei', 'STUDENT', 'Jaidi', 'Samira', true, null);
INSERT INTO student (id, cne, major_id, level_id) VALUES ('std-27', 'E1300027', 'm3', 'n1');
INSERT INTO users (dtype, id, email, password, role, last_name, first_name, is_active, verification_token) VALUES ('STUDENT', 'std-28', 'student28@univh2c.ma', '$2a$10$AY8qLutbqcPipSj1wCrt8.kqsfsezlmzkPa3YXE5Y7blECJqNj0ei', 'STUDENT', 'Kabbaj', 'Mohamed', true, null);
INSERT INTO student (id, cne, major_id, level_id) VALUES ('std-28', 'E1300028', 'm4', 'n2');
INSERT INTO users (dtype, id, email, password, role, last_name, first_name, is_active, verification_token) VALUES ('STUDENT', 'std-29', 'student29@univh2c.ma', '$2a$10$AY8qLutbqcPipSj1wCrt8.kqsfsezlmzkPa3YXE5Y7blECJqNj0ei', 'STUDENT', 'Lamrini', 'Nawal', true, null);
INSERT INTO student (id, cne, major_id, level_id) VALUES ('std-29', 'E1300029', 'm5', 'n3');
INSERT INTO users (dtype, id, email, password, role, last_name, first_name, is_active, verification_token) VALUES ('STUDENT', 'std-30', 'student30@univh2c.ma', '$2a$10$AY8qLutbqcPipSj1wCrt8.kqsfsezlmzkPa3YXE5Y7blECJqNj0ei', 'STUDENT', 'Alami', 'Amine', true, null);
INSERT INTO student (id, cne, major_id, level_id) VALUES ('std-30', 'E1300030', 'm1', 'n1');
INSERT INTO users (dtype, id, email, password, role, last_name, first_name, is_active, verification_token) VALUES ('STUDENT', 'std-31', 'student31@univh2c.ma', '$2a$10$AY8qLutbqcPipSj1wCrt8.kqsfsezlmzkPa3YXE5Y7blECJqNj0ei', 'STUDENT', 'Benali', 'Salma', true, null);
INSERT INTO student (id, cne, major_id, level_id) VALUES ('std-31', 'E1300031', 'm2', 'n2');
INSERT INTO users (dtype, id, email, password, role, last_name, first_name, is_active, verification_token) VALUES ('STUDENT', 'std-32', 'student32@univh2c.ma', '$2a$10$AY8qLutbqcPipSj1wCrt8.kqsfsezlmzkPa3YXE5Y7blECJqNj0ei', 'STUDENT', 'Fassi', 'Yassine', true, null);
INSERT INTO student (id, cne, major_id, level_id) VALUES ('std-32', 'E1300032', 'm3', 'n3');
INSERT INTO users (dtype, id, email, password, role, last_name, first_name, is_active, verification_token) VALUES ('STUDENT', 'std-33', 'student33@univh2c.ma', '$2a$10$AY8qLutbqcPipSj1wCrt8.kqsfsezlmzkPa3YXE5Y7blECJqNj0ei', 'STUDENT', 'Tazi', 'Fatima', true, null);
INSERT INTO student (id, cne, major_id, level_id) VALUES ('std-33', 'E1300033', 'm4', 'n1');
INSERT INTO users (dtype, id, email, password, role, last_name, first_name, is_active, verification_token) VALUES ('STUDENT', 'std-34', 'student34@univh2c.ma', '$2a$10$AY8qLutbqcPipSj1wCrt8.kqsfsezlmzkPa3YXE5Y7blECJqNj0ei', 'STUDENT', 'Mansouri', 'Mehdi', true, null);
INSERT INTO student (id, cne, major_id, level_id) VALUES ('std-34', 'E1300034', 'm5', 'n2');
INSERT INTO users (dtype, id, email, password, role, last_name, first_name, is_active, verification_token) VALUES ('STUDENT', 'std-35', 'student35@univh2c.ma', '$2a$10$AY8qLutbqcPipSj1wCrt8.kqsfsezlmzkPa3YXE5Y7blECJqNj0ei', 'STUDENT', 'Radi', 'Sofia', true, null);
INSERT INTO student (id, cne, major_id, level_id) VALUES ('std-35', 'E1300035', 'm1', 'n3');
INSERT INTO users (dtype, id, email, password, role, last_name, first_name, is_active, verification_token) VALUES ('STUDENT', 'std-36', 'student36@univh2c.ma', '$2a$10$AY8qLutbqcPipSj1wCrt8.kqsfsezlmzkPa3YXE5Y7blECJqNj0ei', 'STUDENT', 'Idrissi', 'Omar', true, null);
INSERT INTO student (id, cne, major_id, level_id) VALUES ('std-36', 'E1300036', 'm2', 'n1');
INSERT INTO users (dtype, id, email, password, role, last_name, first_name, is_active, verification_token) VALUES ('STUDENT', 'std-37', 'student37@univh2c.ma', '$2a$10$AY8qLutbqcPipSj1wCrt8.kqsfsezlmzkPa3YXE5Y7blECJqNj0ei', 'STUDENT', 'Bennani', 'Hajar', true, null);
INSERT INTO student (id, cne, major_id, level_id) VALUES ('std-37', 'E1300037', 'm3', 'n2');
INSERT INTO users (dtype, id, email, password, role, last_name, first_name, is_active, verification_token) VALUES ('STUDENT', 'std-38', 'student38@univh2c.ma', '$2a$10$AY8qLutbqcPipSj1wCrt8.kqsfsezlmzkPa3YXE5Y7blECJqNj0ei', 'STUDENT', 'Kettani', 'Khalid', true, null);
INSERT INTO student (id, cne, major_id, level_id) VALUES ('std-38', 'E1300038', 'm4', 'n3');
INSERT INTO users (dtype, id, email, password, role, last_name, first_name, is_active, verification_token) VALUES ('STUDENT', 'std-39', 'student39@univh2c.ma', '$2a$10$AY8qLutbqcPipSj1wCrt8.kqsfsezlmzkPa3YXE5Y7blECJqNj0ei', 'STUDENT', 'Amrani', 'Layla', true, null);
INSERT INTO student (id, cne, major_id, level_id) VALUES ('std-39', 'E1300039', 'm5', 'n1');
INSERT INTO users (dtype, id, email, password, role, last_name, first_name, is_active, verification_token) VALUES ('STUDENT', 'std-40', 'student40@univh2c.ma', '$2a$10$AY8qLutbqcPipSj1wCrt8.kqsfsezlmzkPa3YXE5Y7blECJqNj0ei', 'STUDENT', 'Lahlou', 'Zakaria', true, null);
INSERT INTO student (id, cne, major_id, level_id) VALUES ('std-40', 'E1300040', 'm1', 'n2');
INSERT INTO users (dtype, id, email, password, role, last_name, first_name, is_active, verification_token) VALUES ('STUDENT', 'std-41', 'student41@univh2c.ma', '$2a$10$AY8qLutbqcPipSj1wCrt8.kqsfsezlmzkPa3YXE5Y7blECJqNj0ei', 'STUDENT', 'Sekkat', 'Nadia', true, null);
INSERT INTO student (id, cne, major_id, level_id) VALUES ('std-41', 'E1300041', 'm2', 'n3');
INSERT INTO users (dtype, id, email, password, role, last_name, first_name, is_active, verification_token) VALUES ('STUDENT', 'std-42', 'student42@univh2c.ma', '$2a$10$AY8qLutbqcPipSj1wCrt8.kqsfsezlmzkPa3YXE5Y7blECJqNj0ei', 'STUDENT', 'Guessous', 'Hamza', true, null);
INSERT INTO student (id, cne, major_id, level_id) VALUES ('std-42', 'E1300042', 'm3', 'n1');
INSERT INTO users (dtype, id, email, password, role, last_name, first_name, is_active, verification_token) VALUES ('STUDENT', 'std-43', 'student43@univh2c.ma', '$2a$10$AY8qLutbqcPipSj1wCrt8.kqsfsezlmzkPa3YXE5Y7blECJqNj0ei', 'STUDENT', 'Filali', 'Zineb', true, null);
INSERT INTO student (id, cne, major_id, level_id) VALUES ('std-43', 'E1300043', 'm4', 'n2');
INSERT INTO users (dtype, id, email, password, role, last_name, first_name, is_active, verification_token) VALUES ('STUDENT', 'std-44', 'student44@univh2c.ma', '$2a$10$AY8qLutbqcPipSj1wCrt8.kqsfsezlmzkPa3YXE5Y7blECJqNj0ei', 'STUDENT', 'Skalli', 'Anas', true, null);
INSERT INTO student (id, cne, major_id, level_id) VALUES ('std-44', 'E1300044', 'm5', 'n3');
INSERT INTO users (dtype, id, email, password, role, last_name, first_name, is_active, verification_token) VALUES ('STUDENT', 'std-45', 'student45@univh2c.ma', '$2a$10$AY8qLutbqcPipSj1wCrt8.kqsfsezlmzkPa3YXE5Y7blECJqNj0ei', 'STUDENT', 'Kadiri', 'Meryem', true, null);
INSERT INTO student (id, cne, major_id, level_id) VALUES ('std-45', 'E1300045', 'm1', 'n1');
INSERT INTO users (dtype, id, email, password, role, last_name, first_name, is_active, verification_token) VALUES ('STUDENT', 'std-46', 'student46@univh2c.ma', '$2a$10$AY8qLutbqcPipSj1wCrt8.kqsfsezlmzkPa3YXE5Y7blECJqNj0ei', 'STUDENT', 'Belkora', 'Reda', true, null);
INSERT INTO student (id, cne, major_id, level_id) VALUES ('std-46', 'E1300046', 'm2', 'n2');
INSERT INTO users (dtype, id, email, password, role, last_name, first_name, is_active, verification_token) VALUES ('STUDENT', 'std-47', 'student47@univh2c.ma', '$2a$10$AY8qLutbqcPipSj1wCrt8.kqsfsezlmzkPa3YXE5Y7blECJqNj0ei', 'STUDENT', 'Mernissi', 'Chaimae', true, null);
INSERT INTO student (id, cne, major_id, level_id) VALUES ('std-47', 'E1300047', 'm3', 'n3');
INSERT INTO users (dtype, id, email, password, role, last_name, first_name, is_active, verification_token) VALUES ('STUDENT', 'std-48', 'student48@univh2c.ma', '$2a$10$AY8qLutbqcPipSj1wCrt8.kqsfsezlmzkPa3YXE5Y7blECJqNj0ei', 'STUDENT', 'Berrada', 'Ayoub', true, null);
INSERT INTO student (id, cne, major_id, level_id) VALUES ('std-48', 'E1300048', 'm4', 'n1');
INSERT INTO users (dtype, id, email, password, role, last_name, first_name, is_active, verification_token) VALUES ('STUDENT', 'std-49', 'student49@univh2c.ma', '$2a$10$AY8qLutbqcPipSj1wCrt8.kqsfsezlmzkPa3YXE5Y7blECJqNj0ei', 'STUDENT', 'El Hachimi', 'Ibtissam', true, null);
INSERT INTO student (id, cne, major_id, level_id) VALUES ('std-49', 'E1300049', 'm5', 'n2');
INSERT INTO users (dtype, id, email, password, role, last_name, first_name, is_active, verification_token) VALUES ('STUDENT', 'std-50', 'student50@univh2c.ma', '$2a$10$AY8qLutbqcPipSj1wCrt8.kqsfsezlmzkPa3YXE5Y7blECJqNj0ei', 'STUDENT', 'El Amrani', 'Youssef', true, null);
INSERT INTO student (id, cne, major_id, level_id) VALUES ('std-50', 'E1300050', 'm1', 'n3');
INSERT INTO users (dtype, id, email, password, role, last_name, first_name, is_active, verification_token) VALUES ('STUDENT', 'std-51', 'student51@univh2c.ma', '$2a$10$AY8qLutbqcPipSj1wCrt8.kqsfsezlmzkPa3YXE5Y7blECJqNj0ei', 'STUDENT', 'Bouazza', 'Khaoula', true, null);
INSERT INTO student (id, cne, major_id, level_id) VALUES ('std-51', 'E1300051', 'm2', 'n1');
INSERT INTO users (dtype, id, email, password, role, last_name, first_name, is_active, verification_token) VALUES ('STUDENT', 'std-52', 'student52@univh2c.ma', '$2a$10$AY8qLutbqcPipSj1wCrt8.kqsfsezlmzkPa3YXE5Y7blECJqNj0ei', 'STUDENT', 'Chaoui', 'Rachid', true, null);
INSERT INTO student (id, cne, major_id, level_id) VALUES ('std-52', 'E1300052', 'm3', 'n2');
INSERT INTO users (dtype, id, email, password, role, last_name, first_name, is_active, verification_token) VALUES ('STUDENT', 'std-53', 'student53@univh2c.ma', '$2a$10$AY8qLutbqcPipSj1wCrt8.kqsfsezlmzkPa3YXE5Y7blECJqNj0ei', 'STUDENT', 'Dahbi', 'Sara', true, null);
INSERT INTO student (id, cne, major_id, level_id) VALUES ('std-53', 'E1300053', 'm4', 'n3');
INSERT INTO users (dtype, id, email, password, role, last_name, first_name, is_active, verification_token) VALUES ('STUDENT', 'std-54', 'student54@univh2c.ma', '$2a$10$AY8qLutbqcPipSj1wCrt8.kqsfsezlmzkPa3YXE5Y7blECJqNj0ei', 'STUDENT', 'El Fassi', 'Hassan', true, null);
INSERT INTO student (id, cne, major_id, level_id) VALUES ('std-54', 'E1300054', 'm5', 'n1');
INSERT INTO users (dtype, id, email, password, role, last_name, first_name, is_active, verification_token) VALUES ('STUDENT', 'std-55', 'student55@univh2c.ma', '$2a$10$AY8qLutbqcPipSj1wCrt8.kqsfsezlmzkPa3YXE5Y7blECJqNj0ei', 'STUDENT', 'Guedira', 'Amina', true, null);
INSERT INTO student (id, cne, major_id, level_id) VALUES ('std-55', 'E1300055', 'm1', 'n2');
INSERT INTO users (dtype, id, email, password, role, last_name, first_name, is_active, verification_token) VALUES ('STUDENT', 'std-56', 'student56@univh2c.ma', '$2a$10$AY8qLutbqcPipSj1wCrt8.kqsfsezlmzkPa3YXE5Y7blECJqNj0ei', 'STUDENT', 'Hamidi', 'Ahmed', true, null);
INSERT INTO student (id, cne, major_id, level_id) VALUES ('std-56', 'E1300056', 'm2', 'n3');
INSERT INTO users (dtype, id, email, password, role, last_name, first_name, is_active, verification_token) VALUES ('STUDENT', 'std-57', 'student57@univh2c.ma', '$2a$10$AY8qLutbqcPipSj1wCrt8.kqsfsezlmzkPa3YXE5Y7blECJqNj0ei', 'STUDENT', 'Jaidi', 'Samira', true, null);
INSERT INTO student (id, cne, major_id, level_id) VALUES ('std-57', 'E1300057', 'm3', 'n1');
INSERT INTO users (dtype, id, email, password, role, last_name, first_name, is_active, verification_token) VALUES ('STUDENT', 'std-58', 'student58@univh2c.ma', '$2a$10$AY8qLutbqcPipSj1wCrt8.kqsfsezlmzkPa3YXE5Y7blECJqNj0ei', 'STUDENT', 'Kabbaj', 'Mohamed', true, null);
INSERT INTO student (id, cne, major_id, level_id) VALUES ('std-58', 'E1300058', 'm4', 'n2');
INSERT INTO users (dtype, id, email, password, role, last_name, first_name, is_active, verification_token) VALUES ('STUDENT', 'std-59', 'student59@univh2c.ma', '$2a$10$AY8qLutbqcPipSj1wCrt8.kqsfsezlmzkPa3YXE5Y7blECJqNj0ei', 'STUDENT', 'Lamrini', 'Nawal', true, null);
INSERT INTO student (id, cne, major_id, level_id) VALUES ('std-59', 'E1300059', 'm5', 'n3');
INSERT INTO users (dtype, id, email, password, role, last_name, first_name, is_active, verification_token) VALUES ('STUDENT', 'std-60', 'student60@univh2c.ma', '$2a$10$AY8qLutbqcPipSj1wCrt8.kqsfsezlmzkPa3YXE5Y7blECJqNj0ei', 'STUDENT', 'Alami', 'Amine', true, null);
INSERT INTO student (id, cne, major_id, level_id) VALUES ('std-60', 'E1300060', 'm1', 'n1');
INSERT INTO users (dtype, id, email, password, role, last_name, first_name, is_active, verification_token) VALUES ('STUDENT', 'std-61', 'student61@univh2c.ma', '$2a$10$AY8qLutbqcPipSj1wCrt8.kqsfsezlmzkPa3YXE5Y7blECJqNj0ei', 'STUDENT', 'Benali', 'Salma', true, null);
INSERT INTO student (id, cne, major_id, level_id) VALUES ('std-61', 'E1300061', 'm2', 'n2');
INSERT INTO users (dtype, id, email, password, role, last_name, first_name, is_active, verification_token) VALUES ('STUDENT', 'std-62', 'student62@univh2c.ma', '$2a$10$AY8qLutbqcPipSj1wCrt8.kqsfsezlmzkPa3YXE5Y7blECJqNj0ei', 'STUDENT', 'Fassi', 'Yassine', true, null);
INSERT INTO student (id, cne, major_id, level_id) VALUES ('std-62', 'E1300062', 'm3', 'n3');
INSERT INTO users (dtype, id, email, password, role, last_name, first_name, is_active, verification_token) VALUES ('STUDENT', 'std-63', 'student63@univh2c.ma', '$2a$10$AY8qLutbqcPipSj1wCrt8.kqsfsezlmzkPa3YXE5Y7blECJqNj0ei', 'STUDENT', 'Tazi', 'Fatima', true, null);
INSERT INTO student (id, cne, major_id, level_id) VALUES ('std-63', 'E1300063', 'm4', 'n1');
INSERT INTO users (dtype, id, email, password, role, last_name, first_name, is_active, verification_token) VALUES ('STUDENT', 'std-64', 'student64@univh2c.ma', '$2a$10$AY8qLutbqcPipSj1wCrt8.kqsfsezlmzkPa3YXE5Y7blECJqNj0ei', 'STUDENT', 'Mansouri', 'Mehdi', true, null);
INSERT INTO student (id, cne, major_id, level_id) VALUES ('std-64', 'E1300064', 'm5', 'n2');
INSERT INTO users (dtype, id, email, password, role, last_name, first_name, is_active, verification_token) VALUES ('STUDENT', 'std-65', 'student65@univh2c.ma', '$2a$10$AY8qLutbqcPipSj1wCrt8.kqsfsezlmzkPa3YXE5Y7blECJqNj0ei', 'STUDENT', 'Radi', 'Sofia', true, null);
INSERT INTO student (id, cne, major_id, level_id) VALUES ('std-65', 'E1300065', 'm1', 'n3');
INSERT INTO users (dtype, id, email, password, role, last_name, first_name, is_active, verification_token) VALUES ('STUDENT', 'std-66', 'student66@univh2c.ma', '$2a$10$AY8qLutbqcPipSj1wCrt8.kqsfsezlmzkPa3YXE5Y7blECJqNj0ei', 'STUDENT', 'Idrissi', 'Omar', true, null);
INSERT INTO student (id, cne, major_id, level_id) VALUES ('std-66', 'E1300066', 'm2', 'n1');
INSERT INTO users (dtype, id, email, password, role, last_name, first_name, is_active, verification_token) VALUES ('STUDENT', 'std-67', 'student67@univh2c.ma', '$2a$10$AY8qLutbqcPipSj1wCrt8.kqsfsezlmzkPa3YXE5Y7blECJqNj0ei', 'STUDENT', 'Bennani', 'Hajar', true, null);
INSERT INTO student (id, cne, major_id, level_id) VALUES ('std-67', 'E1300067', 'm3', 'n2');
INSERT INTO users (dtype, id, email, password, role, last_name, first_name, is_active, verification_token) VALUES ('STUDENT', 'std-68', 'student68@univh2c.ma', '$2a$10$AY8qLutbqcPipSj1wCrt8.kqsfsezlmzkPa3YXE5Y7blECJqNj0ei', 'STUDENT', 'Kettani', 'Khalid', true, null);
INSERT INTO student (id, cne, major_id, level_id) VALUES ('std-68', 'E1300068', 'm4', 'n3');
INSERT INTO users (dtype, id, email, password, role, last_name, first_name, is_active, verification_token) VALUES ('STUDENT', 'std-69', 'student69@univh2c.ma', '$2a$10$AY8qLutbqcPipSj1wCrt8.kqsfsezlmzkPa3YXE5Y7blECJqNj0ei', 'STUDENT', 'Amrani', 'Layla', true, null);
INSERT INTO student (id, cne, major_id, level_id) VALUES ('std-69', 'E1300069', 'm5', 'n1');
INSERT INTO users (dtype, id, email, password, role, last_name, first_name, is_active, verification_token) VALUES ('STUDENT', 'std-70', 'student70@univh2c.ma', '$2a$10$AY8qLutbqcPipSj1wCrt8.kqsfsezlmzkPa3YXE5Y7blECJqNj0ei', 'STUDENT', 'Lahlou', 'Zakaria', true, null);
INSERT INTO student (id, cne, major_id, level_id) VALUES ('std-70', 'E1300070', 'm1', 'n2');
INSERT INTO users (dtype, id, email, password, role, last_name, first_name, is_active, verification_token) VALUES ('STUDENT', 'std-71', 'student71@univh2c.ma', '$2a$10$AY8qLutbqcPipSj1wCrt8.kqsfsezlmzkPa3YXE5Y7blECJqNj0ei', 'STUDENT', 'Sekkat', 'Nadia', true, null);
INSERT INTO student (id, cne, major_id, level_id) VALUES ('std-71', 'E1300071', 'm2', 'n3');
INSERT INTO users (dtype, id, email, password, role, last_name, first_name, is_active, verification_token) VALUES ('STUDENT', 'std-72', 'student72@univh2c.ma', '$2a$10$AY8qLutbqcPipSj1wCrt8.kqsfsezlmzkPa3YXE5Y7blECJqNj0ei', 'STUDENT', 'Guessous', 'Hamza', true, null);
INSERT INTO student (id, cne, major_id, level_id) VALUES ('std-72', 'E1300072', 'm3', 'n1');
INSERT INTO users (dtype, id, email, password, role, last_name, first_name, is_active, verification_token) VALUES ('STUDENT', 'std-73', 'student73@univh2c.ma', '$2a$10$AY8qLutbqcPipSj1wCrt8.kqsfsezlmzkPa3YXE5Y7blECJqNj0ei', 'STUDENT', 'Filali', 'Zineb', true, null);
INSERT INTO student (id, cne, major_id, level_id) VALUES ('std-73', 'E1300073', 'm4', 'n2');
INSERT INTO users (dtype, id, email, password, role, last_name, first_name, is_active, verification_token) VALUES ('STUDENT', 'std-74', 'student74@univh2c.ma', '$2a$10$AY8qLutbqcPipSj1wCrt8.kqsfsezlmzkPa3YXE5Y7blECJqNj0ei', 'STUDENT', 'Skalli', 'Anas', true, null);
INSERT INTO student (id, cne, major_id, level_id) VALUES ('std-74', 'E1300074', 'm5', 'n3');
INSERT INTO users (dtype, id, email, password, role, last_name, first_name, is_active, verification_token) VALUES ('STUDENT', 'std-75', 'student75@univh2c.ma', '$2a$10$AY8qLutbqcPipSj1wCrt8.kqsfsezlmzkPa3YXE5Y7blECJqNj0ei', 'STUDENT', 'Kadiri', 'Meryem', true, null);
INSERT INTO student (id, cne, major_id, level_id) VALUES ('std-75', 'E1300075', 'm1', 'n1');
INSERT INTO users (dtype, id, email, password, role, last_name, first_name, is_active, verification_token) VALUES ('STUDENT', 'std-76', 'student76@univh2c.ma', '$2a$10$AY8qLutbqcPipSj1wCrt8.kqsfsezlmzkPa3YXE5Y7blECJqNj0ei', 'STUDENT', 'Belkora', 'Reda', true, null);
INSERT INTO student (id, cne, major_id, level_id) VALUES ('std-76', 'E1300076', 'm2', 'n2');
INSERT INTO users (dtype, id, email, password, role, last_name, first_name, is_active, verification_token) VALUES ('STUDENT', 'std-77', 'student77@univh2c.ma', '$2a$10$AY8qLutbqcPipSj1wCrt8.kqsfsezlmzkPa3YXE5Y7blECJqNj0ei', 'STUDENT', 'Mernissi', 'Chaimae', true, null);
INSERT INTO student (id, cne, major_id, level_id) VALUES ('std-77', 'E1300077', 'm3', 'n3');
INSERT INTO users (dtype, id, email, password, role, last_name, first_name, is_active, verification_token) VALUES ('STUDENT', 'std-78', 'student78@univh2c.ma', '$2a$10$AY8qLutbqcPipSj1wCrt8.kqsfsezlmzkPa3YXE5Y7blECJqNj0ei', 'STUDENT', 'Berrada', 'Ayoub', true, null);
INSERT INTO student (id, cne, major_id, level_id) VALUES ('std-78', 'E1300078', 'm4', 'n1');
INSERT INTO users (dtype, id, email, password, role, last_name, first_name, is_active, verification_token) VALUES ('STUDENT', 'std-79', 'student79@univh2c.ma', '$2a$10$AY8qLutbqcPipSj1wCrt8.kqsfsezlmzkPa3YXE5Y7blECJqNj0ei', 'STUDENT', 'El Hachimi', 'Ibtissam', true, null);
INSERT INTO student (id, cne, major_id, level_id) VALUES ('std-79', 'E1300079', 'm5', 'n2');
INSERT INTO users (dtype, id, email, password, role, last_name, first_name, is_active, verification_token) VALUES ('STUDENT', 'std-80', 'student80@univh2c.ma', '$2a$10$AY8qLutbqcPipSj1wCrt8.kqsfsezlmzkPa3YXE5Y7blECJqNj0ei', 'STUDENT', 'El Amrani', 'Youssef', true, null);
INSERT INTO student (id, cne, major_id, level_id) VALUES ('std-80', 'E1300080', 'm1', 'n3');
INSERT INTO users (dtype, id, email, password, role, last_name, first_name, is_active, verification_token) VALUES ('STUDENT', 'std-81', 'student81@univh2c.ma', '$2a$10$AY8qLutbqcPipSj1wCrt8.kqsfsezlmzkPa3YXE5Y7blECJqNj0ei', 'STUDENT', 'Bouazza', 'Khaoula', true, null);
INSERT INTO student (id, cne, major_id, level_id) VALUES ('std-81', 'E1300081', 'm2', 'n1');
INSERT INTO users (dtype, id, email, password, role, last_name, first_name, is_active, verification_token) VALUES ('STUDENT', 'std-82', 'student82@univh2c.ma', '$2a$10$AY8qLutbqcPipSj1wCrt8.kqsfsezlmzkPa3YXE5Y7blECJqNj0ei', 'STUDENT', 'Chaoui', 'Rachid', true, null);
INSERT INTO student (id, cne, major_id, level_id) VALUES ('std-82', 'E1300082', 'm3', 'n2');
INSERT INTO users (dtype, id, email, password, role, last_name, first_name, is_active, verification_token) VALUES ('STUDENT', 'std-83', 'student83@univh2c.ma', '$2a$10$AY8qLutbqcPipSj1wCrt8.kqsfsezlmzkPa3YXE5Y7blECJqNj0ei', 'STUDENT', 'Dahbi', 'Sara', true, null);
INSERT INTO student (id, cne, major_id, level_id) VALUES ('std-83', 'E1300083', 'm4', 'n3');
INSERT INTO users (dtype, id, email, password, role, last_name, first_name, is_active, verification_token) VALUES ('STUDENT', 'std-84', 'student84@univh2c.ma', '$2a$10$AY8qLutbqcPipSj1wCrt8.kqsfsezlmzkPa3YXE5Y7blECJqNj0ei', 'STUDENT', 'El Fassi', 'Hassan', true, null);
INSERT INTO student (id, cne, major_id, level_id) VALUES ('std-84', 'E1300084', 'm5', 'n1');
INSERT INTO users (dtype, id, email, password, role, last_name, first_name, is_active, verification_token) VALUES ('STUDENT', 'std-85', 'student85@univh2c.ma', '$2a$10$AY8qLutbqcPipSj1wCrt8.kqsfsezlmzkPa3YXE5Y7blECJqNj0ei', 'STUDENT', 'Guedira', 'Amina', true, null);
INSERT INTO student (id, cne, major_id, level_id) VALUES ('std-85', 'E1300085', 'm1', 'n2');
INSERT INTO users (dtype, id, email, password, role, last_name, first_name, is_active, verification_token) VALUES ('STUDENT', 'std-86', 'student86@univh2c.ma', '$2a$10$AY8qLutbqcPipSj1wCrt8.kqsfsezlmzkPa3YXE5Y7blECJqNj0ei', 'STUDENT', 'Hamidi', 'Ahmed', true, null);
INSERT INTO student (id, cne, major_id, level_id) VALUES ('std-86', 'E1300086', 'm2', 'n3');
INSERT INTO users (dtype, id, email, password, role, last_name, first_name, is_active, verification_token) VALUES ('STUDENT', 'std-87', 'student87@univh2c.ma', '$2a$10$AY8qLutbqcPipSj1wCrt8.kqsfsezlmzkPa3YXE5Y7blECJqNj0ei', 'STUDENT', 'Jaidi', 'Samira', true, null);
INSERT INTO student (id, cne, major_id, level_id) VALUES ('std-87', 'E1300087', 'm3', 'n1');
INSERT INTO users (dtype, id, email, password, role, last_name, first_name, is_active, verification_token) VALUES ('STUDENT', 'std-88', 'student88@univh2c.ma', '$2a$10$AY8qLutbqcPipSj1wCrt8.kqsfsezlmzkPa3YXE5Y7blECJqNj0ei', 'STUDENT', 'Kabbaj', 'Mohamed', true, null);
INSERT INTO student (id, cne, major_id, level_id) VALUES ('std-88', 'E1300088', 'm4', 'n2');
INSERT INTO users (dtype, id, email, password, role, last_name, first_name, is_active, verification_token) VALUES ('STUDENT', 'std-89', 'student89@univh2c.ma', '$2a$10$AY8qLutbqcPipSj1wCrt8.kqsfsezlmzkPa3YXE5Y7blECJqNj0ei', 'STUDENT', 'Lamrini', 'Nawal', true, null);
INSERT INTO student (id, cne, major_id, level_id) VALUES ('std-89', 'E1300089', 'm5', 'n3');
INSERT INTO users (dtype, id, email, password, role, last_name, first_name, is_active, verification_token) VALUES ('STUDENT', 'std-90', 'student90@univh2c.ma', '$2a$10$AY8qLutbqcPipSj1wCrt8.kqsfsezlmzkPa3YXE5Y7blECJqNj0ei', 'STUDENT', 'Alami', 'Amine', true, null);
INSERT INTO student (id, cne, major_id, level_id) VALUES ('std-90', 'E1300090', 'm1', 'n1');
INSERT INTO users (dtype, id, email, password, role, last_name, first_name, is_active, verification_token) VALUES ('STUDENT', 'std-91', 'student91@univh2c.ma', '$2a$10$AY8qLutbqcPipSj1wCrt8.kqsfsezlmzkPa3YXE5Y7blECJqNj0ei', 'STUDENT', 'Benali', 'Salma', true, null);
INSERT INTO student (id, cne, major_id, level_id) VALUES ('std-91', 'E1300091', 'm2', 'n2');
INSERT INTO users (dtype, id, email, password, role, last_name, first_name, is_active, verification_token) VALUES ('STUDENT', 'std-92', 'student92@univh2c.ma', '$2a$10$AY8qLutbqcPipSj1wCrt8.kqsfsezlmzkPa3YXE5Y7blECJqNj0ei', 'STUDENT', 'Fassi', 'Yassine', true, null);
INSERT INTO student (id, cne, major_id, level_id) VALUES ('std-92', 'E1300092', 'm3', 'n3');
INSERT INTO users (dtype, id, email, password, role, last_name, first_name, is_active, verification_token) VALUES ('STUDENT', 'std-93', 'student93@univh2c.ma', '$2a$10$AY8qLutbqcPipSj1wCrt8.kqsfsezlmzkPa3YXE5Y7blECJqNj0ei', 'STUDENT', 'Tazi', 'Fatima', true, null);
INSERT INTO student (id, cne, major_id, level_id) VALUES ('std-93', 'E1300093', 'm4', 'n1');
INSERT INTO users (dtype, id, email, password, role, last_name, first_name, is_active, verification_token) VALUES ('STUDENT', 'std-94', 'student94@univh2c.ma', '$2a$10$AY8qLutbqcPipSj1wCrt8.kqsfsezlmzkPa3YXE5Y7blECJqNj0ei', 'STUDENT', 'Mansouri', 'Mehdi', true, null);
INSERT INTO student (id, cne, major_id, level_id) VALUES ('std-94', 'E1300094', 'm5', 'n2');
INSERT INTO users (dtype, id, email, password, role, last_name, first_name, is_active, verification_token) VALUES ('STUDENT', 'std-95', 'student95@univh2c.ma', '$2a$10$AY8qLutbqcPipSj1wCrt8.kqsfsezlmzkPa3YXE5Y7blECJqNj0ei', 'STUDENT', 'Radi', 'Sofia', true, null);
INSERT INTO student (id, cne, major_id, level_id) VALUES ('std-95', 'E1300095', 'm1', 'n3');
INSERT INTO users (dtype, id, email, password, role, last_name, first_name, is_active, verification_token) VALUES ('STUDENT', 'std-96', 'student96@univh2c.ma', '$2a$10$AY8qLutbqcPipSj1wCrt8.kqsfsezlmzkPa3YXE5Y7blECJqNj0ei', 'STUDENT', 'Idrissi', 'Omar', true, null);
INSERT INTO student (id, cne, major_id, level_id) VALUES ('std-96', 'E1300096', 'm2', 'n1');
INSERT INTO users (dtype, id, email, password, role, last_name, first_name, is_active, verification_token) VALUES ('STUDENT', 'std-97', 'student97@univh2c.ma', '$2a$10$AY8qLutbqcPipSj1wCrt8.kqsfsezlmzkPa3YXE5Y7blECJqNj0ei', 'STUDENT', 'Bennani', 'Hajar', true, null);
INSERT INTO student (id, cne, major_id, level_id) VALUES ('std-97', 'E1300097', 'm3', 'n2');
INSERT INTO users (dtype, id, email, password, role, last_name, first_name, is_active, verification_token) VALUES ('STUDENT', 'std-98', 'student98@univh2c.ma', '$2a$10$AY8qLutbqcPipSj1wCrt8.kqsfsezlmzkPa3YXE5Y7blECJqNj0ei', 'STUDENT', 'Kettani', 'Khalid', true, null);
INSERT INTO student (id, cne, major_id, level_id) VALUES ('std-98', 'E1300098', 'm4', 'n3');
INSERT INTO users (dtype, id, email, password, role, last_name, first_name, is_active, verification_token) VALUES ('STUDENT', 'std-99', 'student99@univh2c.ma', '$2a$10$AY8qLutbqcPipSj1wCrt8.kqsfsezlmzkPa3YXE5Y7blECJqNj0ei', 'STUDENT', 'Amrani', 'Layla', true, null);
INSERT INTO student (id, cne, major_id, level_id) VALUES ('std-99', 'E1300099', 'm5', 'n1');

-- ============================================================
-- ROOMS (12)
-- ============================================================
INSERT INTO room (id, name, capacity, department_id) VALUES ('r1', 'Amphi A', 200, '1');
INSERT INTO room (id, name, capacity, department_id) VALUES ('r2', 'Amphi B', 150, '1');
INSERT INTO room (id, name, capacity, department_id) VALUES ('r3', 'Salle 101', 50, '1');
INSERT INTO room (id, name, capacity, department_id) VALUES ('r4', 'Salle 102', 40, '2');
INSERT INTO room (id, name, capacity, department_id) VALUES ('r5', 'Salle 103', 30, '2');
INSERT INTO room (id, name, capacity, department_id) VALUES ('r6', 'Salle 201', 45, '2');
INSERT INTO room (id, name, capacity, department_id) VALUES ('r7', 'Salle 202', 35, '3');
INSERT INTO room (id, name, capacity, department_id) VALUES ('r8', 'Salle 203', 25, '3');
INSERT INTO room (id, name, capacity, department_id) VALUES ('r9', 'Salle 301', 60, '3');
INSERT INTO room (id, name, capacity, department_id) VALUES ('r10', 'Salle 302', 35, '4');
INSERT INTO room (id, name, capacity, department_id) VALUES ('r11', 'Labo Info', 25, '1');
INSERT INTO room (id, name, capacity, department_id) VALUES ('r12', 'Salle Réunion', 20, '4');

-- ============================================================
-- GLOBAL SESSIONS (5)
-- ============================================================
INSERT INTO global_session (id, name, type, status, start_date, end_date) VALUES ('s1', 'Session Printemps 2025', 'NORMALE', 'ARCHIVED', '2025-02-01', '2025-07-15');
INSERT INTO global_session (id, name, type, status, start_date, end_date) VALUES ('s2', 'Session Automne 2025', 'NORMALE', 'ARCHIVED', '2025-09-01', '2026-01-31');
INSERT INTO global_session (id, name, type, status, start_date, end_date) VALUES ('s3', 'Session Printemps 2026', 'NORMALE', 'ACTIVE', '2026-02-01', '2026-07-15');
INSERT INTO global_session (id, name, type, status, start_date, end_date) VALUES ('s4', 'Session Rattrapage 2026', 'RATTRAPAGE', 'DRAFT', '2026-08-01', '2026-09-15');
INSERT INTO global_session (id, name, type, status, start_date, end_date) VALUES ('s5', 'Session Automne 2026', 'NORMALE', 'DRAFT', '2026-09-01', '2027-01-31');

-- ============================================================
-- JURY ROLE TEMPLATES (3)
-- ============================================================
INSERT INTO jury_role_template (id, name, defense_type) VALUES ('jrt1', 'Template PFE', 'PFE');
INSERT INTO jury_role_template_roles (jury_role_template_id, name, count, coefficient) VALUES ('jrt1', 'Président', 1, 30);
INSERT INTO jury_role_template_roles (jury_role_template_id, name, count, coefficient) VALUES ('jrt1', 'Rapporteur', 1, 35);
INSERT INTO jury_role_template_roles (jury_role_template_id, name, count, coefficient) VALUES ('jrt1', 'Examinateur', 1, 35);
INSERT INTO jury_role_template (id, name, defense_type) VALUES ('jrt2', 'Template Mémoire', 'MEMOIRE');
INSERT INTO jury_role_template_roles (jury_role_template_id, name, count, coefficient) VALUES ('jrt2', 'Président', 1, 30);
INSERT INTO jury_role_template_roles (jury_role_template_id, name, count, coefficient) VALUES ('jrt2', 'Rapporteur', 1, 35);
INSERT INTO jury_role_template_roles (jury_role_template_id, name, count, coefficient) VALUES ('jrt2', 'Examinateur', 2, 35);
INSERT INTO jury_role_template (id, name, defense_type) VALUES ('jrt3', 'Template Thèse', 'THESE');
INSERT INTO jury_role_template_roles (jury_role_template_id, name, count, coefficient) VALUES ('jrt3', 'Président', 1, 25);
INSERT INTO jury_role_template_roles (jury_role_template_id, name, count, coefficient) VALUES ('jrt3', 'Rapporteur', 2, 30);
INSERT INTO jury_role_template_roles (jury_role_template_id, name, count, coefficient) VALUES ('jrt3', 'Examinateur', 2, 45);

-- ============================================================
-- DEFENSE SESSIONS (6)
-- ============================================================
INSERT INTO defense_session (id, name, defense_type, status, max_group_size, defense_duration, break_duration, submission_deadline, global_session_id, jury_role_template_id, start_date, end_date) VALUES ('ds1', 'Soutenance PFE Printemps 2025', 'PFE', 'COMPLETED', 3, 30, 10, '2025-05-15', 's1', 'jrt1', '2025-06-01', '2025-06-30');
INSERT INTO defense_session_coefficients (defense_session_id, role_name, coefficient) VALUES ('ds1', 'Président', 30), ('ds1', 'Rapporteur', 35), ('ds1', 'Examinateur', 35);
INSERT INTO defense_session (id, name, defense_type, status, max_group_size, defense_duration, break_duration, submission_deadline, global_session_id, jury_role_template_id, start_date, end_date) VALUES ('ds2', 'Soutenance PFE Automne 2025', 'PFE', 'COMPLETED', 3, 30, 10, '2025-12-15', 's2', 'jrt1', '2026-01-05', '2026-01-25');
INSERT INTO defense_session_coefficients (defense_session_id, role_name, coefficient) VALUES ('ds2', 'Président', 30), ('ds2', 'Rapporteur', 35), ('ds2', 'Examinateur', 35);
INSERT INTO defense_session (id, name, defense_type, status, max_group_size, defense_duration, break_duration, submission_deadline, global_session_id, jury_role_template_id, start_date, end_date) VALUES ('ds3', 'Soutenance PFE Printemps 2026', 'PFE', 'ACTIVE', 3, 30, 10, '2026-06-01', 's3', 'jrt1', '2026-06-15', '2026-07-10');
INSERT INTO defense_session_coefficients (defense_session_id, role_name, coefficient) VALUES ('ds3', 'Président', 30), ('ds3', 'Rapporteur', 35), ('ds3', 'Examinateur', 35);
INSERT INTO defense_session (id, name, defense_type, status, max_group_size, defense_duration, break_duration, submission_deadline, global_session_id, jury_role_template_id, start_date, end_date) VALUES ('ds4', 'Soutenance Mémoire Printemps 2026', 'MEMOIRE', 'SCHEDULED', 4, 45, 15, '2026-06-01', 's3', 'jrt2', '2026-06-20', '2026-07-15');
INSERT INTO defense_session_coefficients (defense_session_id, role_name, coefficient) VALUES ('ds4', 'Président', 30), ('ds4', 'Rapporteur', 35), ('ds4', 'Examinateur', 35);
INSERT INTO defense_session (id, name, defense_type, status, max_group_size, defense_duration, break_duration, submission_deadline, global_session_id, jury_role_template_id, start_date, end_date) VALUES ('ds5', 'Soutenance Thèse Printemps 2026', 'THESE', 'SCHEDULED', 1, 60, 20, '2026-05-15', 's3', 'jrt3', '2026-06-10', '2026-07-05');
INSERT INTO defense_session_coefficients (defense_session_id, role_name, coefficient) VALUES ('ds5', 'Président', 25), ('ds5', 'Rapporteur', 30), ('ds5', 'Examinateur', 45);
INSERT INTO defense_session (id, name, defense_type, status, max_group_size, defense_duration, break_duration, submission_deadline, global_session_id, jury_role_template_id, start_date, end_date) VALUES ('ds6', 'Soutenance Rattrapage 2026', 'PFE', 'DRAFT', 3, 30, 10, '2026-08-15', 's4', 'jrt1', '2026-09-01', '2026-09-15');
INSERT INTO defense_session_coefficients (defense_session_id, role_name, coefficient) VALUES ('ds6', 'Président', 30), ('ds6', 'Rapporteur', 35), ('ds6', 'Examinateur', 35);

-- ============================================================
-- PROJECTS (25)
-- ============================================================
INSERT INTO project (id, title, description, defense_type, status, supervisor_id) VALUES ('proj-1', 'Système de Gestion des Soutenances', 'Développement d''une plateforme web pour la gestion des soutenances de PFE.', 'PFE', 'pending', '3');
INSERT INTO project (id, title, description, defense_type, status, supervisor_id) VALUES ('proj-2', 'Application E-commerce Mobile', 'Application mobile de vente en ligne avec recommandations personnalisées.', 'PFE', 'approved', '4');
INSERT INTO project (id, title, description, defense_type, status, supervisor_id) VALUES ('proj-3', 'Plateforme IoT pour Smart Campus', 'Plateforme IoT connectant les capteurs du campus universitaire.', 'PFE', 'pending', 't3');
INSERT INTO project (id, title, description, defense_type, status, supervisor_id) VALUES ('proj-4', 'Analyse Prédictive des Données Climatiques', 'Analyse et prédiction des données climatiques avec deep learning.', 'MEMOIRE', 'approved', 't4');
INSERT INTO project (id, title, description, defense_type, status, supervisor_id) VALUES ('proj-5', 'Chatbot Intelligent pour Services Universitaires', 'Chatbot intelligent basé sur NLP pour les services universitaires.', 'THESE', 'approved', 't5');
INSERT INTO project (id, title, description, defense_type, status, supervisor_id) VALUES ('proj-6', 'Système de Recommandation de Cours', 'Système de recommandation de cours basé sur les compétences.', 'PFE', 'pending', 't6');
INSERT INTO project (id, title, description, defense_type, status, supervisor_id) VALUES ('proj-7', 'Application Blockchain pour Diplômes', 'Application blockchain pour la vérification des diplômes.', 'PFE', 'approved', 't7');
INSERT INTO project (id, title, description, defense_type, status, supervisor_id) VALUES ('proj-8', 'Outil de Visualisation de Données Génomiques', 'Outil de visualisation interactive de données génomiques.', 'MEMOIRE', 'approved', 't8');
INSERT INTO project (id, title, description, defense_type, status, supervisor_id) VALUES ('proj-9', 'Assistant Virtuel pour Bibliothèque', 'Assistant virtuel pour la gestion de bibliothèque universitaire.', 'PFE', 'pending', 't9');
INSERT INTO project (id, title, description, defense_type, status, supervisor_id) VALUES ('proj-10', 'Système de Détection de Fraude Academique', 'Système de détection de fraude académique par machine learning.', 'THESE', 'approved', 't10');
INSERT INTO project (id, title, description, defense_type, status, supervisor_id) VALUES ('proj-11', 'Robot Autonome de Livraison', 'Conception d''un robot autonome pour la livraison intra-campus.', 'PFE', 'pending', 't11');
INSERT INTO project (id, title, description, defense_type, status, supervisor_id) VALUES ('proj-12', 'Application de Réalité Augmentée pour l''Anatomie', 'Application mobile de réalité augmentée pour l''étude de l''anatomie.', 'PFE', 'approved', 't12');
INSERT INTO project (id, title, description, defense_type, status, supervisor_id) VALUES ('proj-13', 'Plateforme de E-Learning Adaptatif', 'Plateforme d''apprentissage adaptatif utilisant l''IA.', 'MEMOIRE', 'approved', '3');
INSERT INTO project (id, title, description, defense_type, status, supervisor_id) VALUES ('proj-14', 'Système de Reconnaissance Faciale', 'Système de reconnaissance faciale pour la sécurité du campus.', 'PFE', 'pending', '4');
INSERT INTO project (id, title, description, defense_type, status, supervisor_id) VALUES ('proj-15', 'Optimisation des Transports Urbains', 'Optimisation des transports urbains avec algorithmes génétiques.', 'THESE', 'approved', 't3');
INSERT INTO project (id, title, description, defense_type, status, supervisor_id) VALUES ('proj-16', 'Jeu Sérieux pour l''Apprentissage de la Programmation', 'Jeu sérieux pour l''apprentissage de la programmation orientée objet.', 'PFE', 'pending', 't4');
INSERT INTO project (id, title, description, defense_type, status, supervisor_id) VALUES ('proj-17', 'Application de Télémédecine', 'Application de télémédecine avec consultation en ligne.', 'MEMOIRE', 'approved', 't5');
INSERT INTO project (id, title, description, defense_type, status, supervisor_id) VALUES ('proj-18', 'Système de Gestion d''Énergie Solaire', 'Système de gestion intelligente de l''énergie solaire.', 'PFE', 'approved', 't6');
INSERT INTO project (id, title, description, defense_type, status, supervisor_id) VALUES ('proj-19', 'Outil d''Analyse de Sentiments Twitter', 'Outil d''analyse des sentiments sur Twitter en temps réel.', 'THESE', 'pending', 't7');
INSERT INTO project (id, title, description, defense_type, status, supervisor_id) VALUES ('proj-20', 'Plateforme de Crowdfunding pour Projets Étudiants', 'Plateforme de crowdfunding dédiée aux projets étudiants.', 'PFE', 'approved', 't8');
INSERT INTO project (id, title, description, defense_type, status, supervisor_id) VALUES ('proj-21', 'Système de Détection d''Intrusions Réseau', 'Système de détection d''intrusions basé sur l''apprentissage automatique.', 'PFE', 'pending', 't9');
INSERT INTO project (id, title, description, defense_type, status, supervisor_id) VALUES ('proj-22', 'Application de Suivi de Présence NFC', 'Application de suivi de présence utilisant la technologie NFC.', 'MEMOIRE', 'approved', 't10');
INSERT INTO project (id, title, description, defense_type, status, supervisor_id) VALUES ('proj-23', 'Générateur Automatique de Comptes Rendus', 'Générateur automatique de comptes rendus de réunions.', 'PFE', 'pending', 't11');
INSERT INTO project (id, title, description, defense_type, status, supervisor_id) VALUES ('proj-24', 'Plateforme de Mentorat Étudiant', 'Plateforme de mentorat connectant étudiants et professionnels.', 'THESE', 'approved', 't12');
INSERT INTO project (id, title, description, defense_type, status, supervisor_id) VALUES ('proj-25', 'Système de Notation Automatique de Copies', 'Système de notation automatique de copies avec deep learning.', 'PFE', 'approved', '3');

-- ============================================================
-- PROJECT-STUDENTS (each project has 1-3 students)
-- ============================================================
INSERT INTO project_students (project_id, student_id) VALUES ('proj-1', 'std-demo');
INSERT INTO project_students (project_id, student_id) VALUES ('proj-2', 'std-3');
INSERT INTO project_students (project_id, student_id) VALUES ('proj-2', 'std-4');
INSERT INTO project_students (project_id, student_id) VALUES ('proj-3', 'std-6');
INSERT INTO project_students (project_id, student_id) VALUES ('proj-3', 'std-7');
INSERT INTO project_students (project_id, student_id) VALUES ('proj-3', 'std-8');
INSERT INTO project_students (project_id, student_id) VALUES ('proj-4', 'std-9');
INSERT INTO project_students (project_id, student_id) VALUES ('proj-5', 'std-12');
INSERT INTO project_students (project_id, student_id) VALUES ('proj-5', 'std-13');
INSERT INTO project_students (project_id, student_id) VALUES ('proj-6', 'std-15');
INSERT INTO project_students (project_id, student_id) VALUES ('proj-6', 'std-16');
INSERT INTO project_students (project_id, student_id) VALUES ('proj-6', 'std-17');
INSERT INTO project_students (project_id, student_id) VALUES ('proj-7', 'std-18');
INSERT INTO project_students (project_id, student_id) VALUES ('proj-8', 'std-21');
INSERT INTO project_students (project_id, student_id) VALUES ('proj-8', 'std-22');
INSERT INTO project_students (project_id, student_id) VALUES ('proj-9', 'std-24');
INSERT INTO project_students (project_id, student_id) VALUES ('proj-9', 'std-25');
INSERT INTO project_students (project_id, student_id) VALUES ('proj-9', 'std-26');
INSERT INTO project_students (project_id, student_id) VALUES ('proj-10', 'std-27');
INSERT INTO project_students (project_id, student_id) VALUES ('proj-11', 'std-30');
INSERT INTO project_students (project_id, student_id) VALUES ('proj-11', 'std-31');
INSERT INTO project_students (project_id, student_id) VALUES ('proj-12', 'std-33');
INSERT INTO project_students (project_id, student_id) VALUES ('proj-12', 'std-34');
INSERT INTO project_students (project_id, student_id) VALUES ('proj-12', 'std-35');
INSERT INTO project_students (project_id, student_id) VALUES ('proj-13', 'std-36');
INSERT INTO project_students (project_id, student_id) VALUES ('proj-14', 'std-39');
INSERT INTO project_students (project_id, student_id) VALUES ('proj-14', 'std-40');
INSERT INTO project_students (project_id, student_id) VALUES ('proj-15', 'std-42');
INSERT INTO project_students (project_id, student_id) VALUES ('proj-15', 'std-43');
INSERT INTO project_students (project_id, student_id) VALUES ('proj-15', 'std-44');
INSERT INTO project_students (project_id, student_id) VALUES ('proj-16', 'std-45');
INSERT INTO project_students (project_id, student_id) VALUES ('proj-17', 'std-48');
INSERT INTO project_students (project_id, student_id) VALUES ('proj-17', 'std-49');
INSERT INTO project_students (project_id, student_id) VALUES ('proj-18', 'std-51');
INSERT INTO project_students (project_id, student_id) VALUES ('proj-18', 'std-52');
INSERT INTO project_students (project_id, student_id) VALUES ('proj-18', 'std-53');
INSERT INTO project_students (project_id, student_id) VALUES ('proj-19', 'std-54');
INSERT INTO project_students (project_id, student_id) VALUES ('proj-20', 'std-57');
INSERT INTO project_students (project_id, student_id) VALUES ('proj-20', 'std-58');
INSERT INTO project_students (project_id, student_id) VALUES ('proj-21', 'std-60');
INSERT INTO project_students (project_id, student_id) VALUES ('proj-21', 'std-61');
INSERT INTO project_students (project_id, student_id) VALUES ('proj-21', 'std-62');
INSERT INTO project_students (project_id, student_id) VALUES ('proj-22', 'std-63');
INSERT INTO project_students (project_id, student_id) VALUES ('proj-23', 'std-66');
INSERT INTO project_students (project_id, student_id) VALUES ('proj-23', 'std-67');
INSERT INTO project_students (project_id, student_id) VALUES ('proj-24', 'std-69');
INSERT INTO project_students (project_id, student_id) VALUES ('proj-24', 'std-70');
INSERT INTO project_students (project_id, student_id) VALUES ('proj-24', 'std-71');
INSERT INTO project_students (project_id, student_id) VALUES ('proj-25', 'std-72');

-- ============================================================
-- JURIES (15, one per approved/completed project)
-- ============================================================
INSERT INTO jury (id, project_id, jury_role_template_id) VALUES ('jury-1', 'proj-2', 'jrt1');
INSERT INTO jury (id, project_id, jury_role_template_id) VALUES ('jury-2', 'proj-4', 'jrt1');
INSERT INTO jury (id, project_id, jury_role_template_id) VALUES ('jury-3', 'proj-5', 'jrt1');
INSERT INTO jury (id, project_id, jury_role_template_id) VALUES ('jury-4', 'proj-7', 'jrt1');
INSERT INTO jury (id, project_id, jury_role_template_id) VALUES ('jury-5', 'proj-8', 'jrt1');
INSERT INTO jury (id, project_id, jury_role_template_id) VALUES ('jury-6', 'proj-10', 'jrt1');
INSERT INTO jury (id, project_id, jury_role_template_id) VALUES ('jury-7', 'proj-12', 'jrt1');
INSERT INTO jury (id, project_id, jury_role_template_id) VALUES ('jury-8', 'proj-13', 'jrt1');
INSERT INTO jury (id, project_id, jury_role_template_id) VALUES ('jury-9', 'proj-15', 'jrt2');
INSERT INTO jury (id, project_id, jury_role_template_id) VALUES ('jury-10', 'proj-17', 'jrt2');
INSERT INTO jury (id, project_id, jury_role_template_id) VALUES ('jury-11', 'proj-18', 'jrt2');
INSERT INTO jury (id, project_id, jury_role_template_id) VALUES ('jury-12', 'proj-20', 'jrt2');
INSERT INTO jury (id, project_id, jury_role_template_id) VALUES ('jury-13', 'proj-22', 'jrt2');
INSERT INTO jury (id, project_id, jury_role_template_id) VALUES ('jury-14', 'proj-24', 'jrt2');
INSERT INTO jury (id, project_id, jury_role_template_id) VALUES ('jury-15', 'proj-25', 'jrt3');

-- ============================================================
-- JURY MEMBERS (3-5 per jury)
-- ============================================================
INSERT INTO jury_member (id, jury_id, role_name, teacher_id) VALUES ('jm-1', 'jury-1', 'Président', '4');
INSERT INTO jury_member (id, jury_id, role_name, teacher_id) VALUES ('jm-2', 'jury-1', 'Rapporteur', 't3');
INSERT INTO jury_member (id, jury_id, role_name, teacher_id) VALUES ('jm-3', 'jury-1', 'Examinateur', 't4');
INSERT INTO jury_member (id, jury_id, role_name, teacher_id) VALUES ('jm-4', 'jury-2', 'Président', 't6');
INSERT INTO jury_member (id, jury_id, role_name, teacher_id) VALUES ('jm-5', 'jury-2', 'Rapporteur', 't7');
INSERT INTO jury_member (id, jury_id, role_name, teacher_id) VALUES ('jm-6', 'jury-2', 'Examinateur', 't8');
INSERT INTO jury_member (id, jury_id, role_name, teacher_id) VALUES ('jm-7', 'jury-3', 'Président', 't10');
INSERT INTO jury_member (id, jury_id, role_name, teacher_id) VALUES ('jm-8', 'jury-3', 'Rapporteur', 't11');
INSERT INTO jury_member (id, jury_id, role_name, teacher_id) VALUES ('jm-9', 'jury-3', 'Examinateur', 't12');
INSERT INTO jury_member (id, jury_id, role_name, teacher_id) VALUES ('jm-10', 'jury-4', 'Président', '4');
INSERT INTO jury_member (id, jury_id, role_name, teacher_id) VALUES ('jm-11', 'jury-4', 'Rapporteur', 't3');
INSERT INTO jury_member (id, jury_id, role_name, teacher_id) VALUES ('jm-12', 'jury-4', 'Examinateur', 't4');
INSERT INTO jury_member (id, jury_id, role_name, teacher_id) VALUES ('jm-13', 'jury-5', 'Président', 't6');
INSERT INTO jury_member (id, jury_id, role_name, teacher_id) VALUES ('jm-14', 'jury-5', 'Rapporteur', 't7');
INSERT INTO jury_member (id, jury_id, role_name, teacher_id) VALUES ('jm-15', 'jury-5', 'Examinateur', 't8');
INSERT INTO jury_member (id, jury_id, role_name, teacher_id) VALUES ('jm-16', 'jury-6', 'Président', 't10');
INSERT INTO jury_member (id, jury_id, role_name, teacher_id) VALUES ('jm-17', 'jury-6', 'Rapporteur', 't11');
INSERT INTO jury_member (id, jury_id, role_name, teacher_id) VALUES ('jm-18', 'jury-6', 'Examinateur', 't12');
INSERT INTO jury_member (id, jury_id, role_name, teacher_id) VALUES ('jm-19', 'jury-7', 'Président', '4');
INSERT INTO jury_member (id, jury_id, role_name, teacher_id) VALUES ('jm-20', 'jury-7', 'Rapporteur', 't3');
INSERT INTO jury_member (id, jury_id, role_name, teacher_id) VALUES ('jm-21', 'jury-7', 'Examinateur', 't4');
INSERT INTO jury_member (id, jury_id, role_name, teacher_id) VALUES ('jm-22', 'jury-8', 'Président', 't6');
INSERT INTO jury_member (id, jury_id, role_name, teacher_id) VALUES ('jm-23', 'jury-8', 'Rapporteur', 't7');
INSERT INTO jury_member (id, jury_id, role_name, teacher_id) VALUES ('jm-24', 'jury-8', 'Examinateur', 't8');
INSERT INTO jury_member (id, jury_id, role_name, teacher_id) VALUES ('jm-25', 'jury-9', 'Président', 't10');
INSERT INTO jury_member (id, jury_id, role_name, teacher_id) VALUES ('jm-26', 'jury-9', 'Rapporteur', 't11');
INSERT INTO jury_member (id, jury_id, role_name, teacher_id) VALUES ('jm-27', 'jury-9', 'Examinateur', 't12');
INSERT INTO jury_member (id, jury_id, role_name, teacher_id) VALUES ('jm-28', 'jury-9', 'Examinateur', '3');
INSERT INTO jury_member (id, jury_id, role_name, teacher_id) VALUES ('jm-29', 'jury-10', 'Président', 't3');
INSERT INTO jury_member (id, jury_id, role_name, teacher_id) VALUES ('jm-30', 'jury-10', 'Rapporteur', 't4');
INSERT INTO jury_member (id, jury_id, role_name, teacher_id) VALUES ('jm-31', 'jury-10', 'Examinateur', 't5');
INSERT INTO jury_member (id, jury_id, role_name, teacher_id) VALUES ('jm-32', 'jury-10', 'Examinateur', 't6');
INSERT INTO jury_member (id, jury_id, role_name, teacher_id) VALUES ('jm-33', 'jury-11', 'Président', 't8');
INSERT INTO jury_member (id, jury_id, role_name, teacher_id) VALUES ('jm-34', 'jury-11', 'Rapporteur', 't9');
INSERT INTO jury_member (id, jury_id, role_name, teacher_id) VALUES ('jm-35', 'jury-11', 'Examinateur', 't10');
INSERT INTO jury_member (id, jury_id, role_name, teacher_id) VALUES ('jm-36', 'jury-11', 'Examinateur', 't11');
INSERT INTO jury_member (id, jury_id, role_name, teacher_id) VALUES ('jm-37', 'jury-12', 'Président', '3');
INSERT INTO jury_member (id, jury_id, role_name, teacher_id) VALUES ('jm-38', 'jury-12', 'Rapporteur', '4');
INSERT INTO jury_member (id, jury_id, role_name, teacher_id) VALUES ('jm-39', 'jury-12', 'Examinateur', 't3');
INSERT INTO jury_member (id, jury_id, role_name, teacher_id) VALUES ('jm-40', 'jury-12', 'Examinateur', 't4');
INSERT INTO jury_member (id, jury_id, role_name, teacher_id) VALUES ('jm-41', 'jury-13', 'Président', 't6');
INSERT INTO jury_member (id, jury_id, role_name, teacher_id) VALUES ('jm-42', 'jury-13', 'Rapporteur', 't7');
INSERT INTO jury_member (id, jury_id, role_name, teacher_id) VALUES ('jm-43', 'jury-13', 'Examinateur', 't8');
INSERT INTO jury_member (id, jury_id, role_name, teacher_id) VALUES ('jm-44', 'jury-13', 'Examinateur', 't9');
INSERT INTO jury_member (id, jury_id, role_name, teacher_id) VALUES ('jm-45', 'jury-14', 'Président', 't11');
INSERT INTO jury_member (id, jury_id, role_name, teacher_id) VALUES ('jm-46', 'jury-14', 'Rapporteur', 't12');
INSERT INTO jury_member (id, jury_id, role_name, teacher_id) VALUES ('jm-47', 'jury-14', 'Examinateur', '3');
INSERT INTO jury_member (id, jury_id, role_name, teacher_id) VALUES ('jm-48', 'jury-14', 'Examinateur', '4');
INSERT INTO jury_member (id, jury_id, role_name, teacher_id) VALUES ('jm-49', 'jury-15', 'Président', 't4');
INSERT INTO jury_member (id, jury_id, role_name, teacher_id) VALUES ('jm-50', 'jury-15', 'Rapporteur', 't5');
INSERT INTO jury_member (id, jury_id, role_name, teacher_id) VALUES ('jm-51', 'jury-15', 'Rapporteur', 't6');
INSERT INTO jury_member (id, jury_id, role_name, teacher_id) VALUES ('jm-52', 'jury-15', 'Examinateur', 't7');
INSERT INTO jury_member (id, jury_id, role_name, teacher_id) VALUES ('jm-53', 'jury-15', 'Examinateur', 't8');

-- ============================================================
-- COORDINATOR GROUPS (40)
-- ============================================================
INSERT INTO coordinator_group (id, group_name, project_id, session_id) VALUES ('grp-1', 'Groupe Alpha', 'proj-1', 'ds1');
INSERT INTO coordinator_group (id, group_name, project_id, session_id) VALUES ('grp-2', 'Groupe Beta', 'proj-2', 'ds2');
INSERT INTO coordinator_group (id, group_name, project_id, session_id) VALUES ('grp-3', 'Groupe Gamma', 'proj-3', 'ds3');
INSERT INTO coordinator_group (id, group_name, project_id, session_id) VALUES ('grp-4', 'Groupe Delta', 'proj-4', 'ds4');
INSERT INTO coordinator_group (id, group_name, project_id, session_id) VALUES ('grp-5', 'Groupe Epsilon', 'proj-5', 'ds5');
INSERT INTO coordinator_group (id, group_name, project_id, session_id) VALUES ('grp-6', 'Groupe Zeta', 'proj-6', 'ds6');
INSERT INTO coordinator_group (id, group_name, project_id, session_id) VALUES ('grp-7', 'Groupe Eta', 'proj-7', 'ds1');
INSERT INTO coordinator_group (id, group_name, project_id, session_id) VALUES ('grp-8', 'Groupe Theta', 'proj-8', 'ds2');
INSERT INTO coordinator_group (id, group_name, project_id, session_id) VALUES ('grp-9', 'Groupe Iota', 'proj-9', 'ds3');
INSERT INTO coordinator_group (id, group_name, project_id, session_id) VALUES ('grp-10', 'Groupe Kappa', 'proj-10', 'ds4');
INSERT INTO coordinator_group (id, group_name, project_id, session_id) VALUES ('grp-11', 'Groupe Lambda', 'proj-11', 'ds5');
INSERT INTO coordinator_group (id, group_name, project_id, session_id) VALUES ('grp-12', 'Groupe Mu', 'proj-12', 'ds6');
INSERT INTO coordinator_group (id, group_name, project_id, session_id) VALUES ('grp-13', 'Groupe Nu', 'proj-13', 'ds1');
INSERT INTO coordinator_group (id, group_name, project_id, session_id) VALUES ('grp-14', 'Groupe Xi', 'proj-14', 'ds2');
INSERT INTO coordinator_group (id, group_name, project_id, session_id) VALUES ('grp-15', 'Groupe Omicron', 'proj-15', 'ds3');
INSERT INTO coordinator_group (id, group_name, project_id, session_id) VALUES ('grp-16', 'Groupe Pi', 'proj-16', 'ds4');
INSERT INTO coordinator_group (id, group_name, project_id, session_id) VALUES ('grp-17', 'Groupe Rho', 'proj-17', 'ds5');
INSERT INTO coordinator_group (id, group_name, project_id, session_id) VALUES ('grp-18', 'Groupe Sigma', 'proj-18', 'ds6');
INSERT INTO coordinator_group (id, group_name, project_id, session_id) VALUES ('grp-19', 'Groupe Tau', 'proj-19', 'ds1');
INSERT INTO coordinator_group (id, group_name, project_id, session_id) VALUES ('grp-20', 'Groupe Upsilon', 'proj-20', 'ds2');
INSERT INTO coordinator_group (id, group_name, project_id, session_id) VALUES ('grp-21', 'Groupe Phi', 'proj-21', 'ds3');
INSERT INTO coordinator_group (id, group_name, project_id, session_id) VALUES ('grp-22', 'Groupe Chi', 'proj-22', 'ds4');
INSERT INTO coordinator_group (id, group_name, project_id, session_id) VALUES ('grp-23', 'Groupe Psi', 'proj-23', 'ds5');
INSERT INTO coordinator_group (id, group_name, project_id, session_id) VALUES ('grp-24', 'Groupe Omega', 'proj-24', 'ds6');
INSERT INTO coordinator_group (id, group_name, project_id, session_id) VALUES ('grp-25', 'Groupe A1', 'proj-25', 'ds1');
INSERT INTO coordinator_group (id, group_name, project_id, session_id) VALUES ('grp-26', 'Groupe A2', 'proj-1', 'ds2');
INSERT INTO coordinator_group (id, group_name, project_id, session_id) VALUES ('grp-27', 'Groupe B1', 'proj-2', 'ds3');
INSERT INTO coordinator_group (id, group_name, project_id, session_id) VALUES ('grp-28', 'Groupe B2', 'proj-3', 'ds4');
INSERT INTO coordinator_group (id, group_name, project_id, session_id) VALUES ('grp-29', 'Groupe C1', 'proj-4', 'ds5');
INSERT INTO coordinator_group (id, group_name, project_id, session_id) VALUES ('grp-30', 'Groupe C2', 'proj-5', 'ds6');
INSERT INTO coordinator_group (id, group_name, project_id, session_id) VALUES ('grp-31', 'Groupe D1', 'proj-6', 'ds1');
INSERT INTO coordinator_group (id, group_name, project_id, session_id) VALUES ('grp-32', 'Groupe D2', 'proj-7', 'ds2');
INSERT INTO coordinator_group (id, group_name, project_id, session_id) VALUES ('grp-33', 'Groupe E1', 'proj-8', 'ds3');
INSERT INTO coordinator_group (id, group_name, project_id, session_id) VALUES ('grp-34', 'Groupe E2', 'proj-9', 'ds4');
INSERT INTO coordinator_group (id, group_name, project_id, session_id) VALUES ('grp-35', 'Groupe F1', 'proj-10', 'ds5');
INSERT INTO coordinator_group (id, group_name, project_id, session_id) VALUES ('grp-36', 'Groupe F2', 'proj-11', 'ds6');
INSERT INTO coordinator_group (id, group_name, project_id, session_id) VALUES ('grp-37', 'Groupe G1', 'proj-12', 'ds1');
INSERT INTO coordinator_group (id, group_name, project_id, session_id) VALUES ('grp-38', 'Groupe G2', 'proj-13', 'ds2');
INSERT INTO coordinator_group (id, group_name, project_id, session_id) VALUES ('grp-39', 'Groupe H1', 'proj-14', 'ds3');
INSERT INTO coordinator_group (id, group_name, project_id, session_id) VALUES ('grp-40', 'Groupe H2', 'proj-15', 'ds4');

-- ============================================================
-- GROUP MEMBERS (2-4 per group)
-- ============================================================
INSERT INTO group_members (group_id, student_id) VALUES ('grp-1', 'std-demo');
INSERT INTO group_members (group_id, student_id) VALUES ('grp-1', 'std-1');
INSERT INTO group_members (group_id, student_id) VALUES ('grp-2', 'std-4');
INSERT INTO group_members (group_id, student_id) VALUES ('grp-2', 'std-5');
INSERT INTO group_members (group_id, student_id) VALUES ('grp-2', 'std-6');
INSERT INTO group_members (group_id, student_id) VALUES ('grp-3', 'std-8');
INSERT INTO group_members (group_id, student_id) VALUES ('grp-3', 'std-9');
INSERT INTO group_members (group_id, student_id) VALUES ('grp-3', 'std-10');
INSERT INTO group_members (group_id, student_id) VALUES ('grp-3', 'std-11');
INSERT INTO group_members (group_id, student_id) VALUES ('grp-4', 'std-12');
INSERT INTO group_members (group_id, student_id) VALUES ('grp-4', 'std-13');
INSERT INTO group_members (group_id, student_id) VALUES ('grp-5', 'std-16');
INSERT INTO group_members (group_id, student_id) VALUES ('grp-5', 'std-17');
INSERT INTO group_members (group_id, student_id) VALUES ('grp-5', 'std-18');
INSERT INTO group_members (group_id, student_id) VALUES ('grp-6', 'std-20');
INSERT INTO group_members (group_id, student_id) VALUES ('grp-6', 'std-21');
INSERT INTO group_members (group_id, student_id) VALUES ('grp-6', 'std-22');
INSERT INTO group_members (group_id, student_id) VALUES ('grp-6', 'std-23');
INSERT INTO group_members (group_id, student_id) VALUES ('grp-7', 'std-24');
INSERT INTO group_members (group_id, student_id) VALUES ('grp-7', 'std-25');
INSERT INTO group_members (group_id, student_id) VALUES ('grp-8', 'std-28');
INSERT INTO group_members (group_id, student_id) VALUES ('grp-8', 'std-29');
INSERT INTO group_members (group_id, student_id) VALUES ('grp-8', 'std-30');
INSERT INTO group_members (group_id, student_id) VALUES ('grp-9', 'std-32');
INSERT INTO group_members (group_id, student_id) VALUES ('grp-9', 'std-33');
INSERT INTO group_members (group_id, student_id) VALUES ('grp-9', 'std-34');
INSERT INTO group_members (group_id, student_id) VALUES ('grp-9', 'std-35');
INSERT INTO group_members (group_id, student_id) VALUES ('grp-10', 'std-36');
INSERT INTO group_members (group_id, student_id) VALUES ('grp-10', 'std-37');
INSERT INTO group_members (group_id, student_id) VALUES ('grp-11', 'std-40');
INSERT INTO group_members (group_id, student_id) VALUES ('grp-11', 'std-41');
INSERT INTO group_members (group_id, student_id) VALUES ('grp-11', 'std-42');
INSERT INTO group_members (group_id, student_id) VALUES ('grp-12', 'std-44');
INSERT INTO group_members (group_id, student_id) VALUES ('grp-12', 'std-45');
INSERT INTO group_members (group_id, student_id) VALUES ('grp-12', 'std-46');
INSERT INTO group_members (group_id, student_id) VALUES ('grp-12', 'std-47');
INSERT INTO group_members (group_id, student_id) VALUES ('grp-13', 'std-48');
INSERT INTO group_members (group_id, student_id) VALUES ('grp-13', 'std-49');
INSERT INTO group_members (group_id, student_id) VALUES ('grp-14', 'std-52');
INSERT INTO group_members (group_id, student_id) VALUES ('grp-14', 'std-53');
INSERT INTO group_members (group_id, student_id) VALUES ('grp-14', 'std-54');
INSERT INTO group_members (group_id, student_id) VALUES ('grp-15', 'std-56');
INSERT INTO group_members (group_id, student_id) VALUES ('grp-15', 'std-57');
INSERT INTO group_members (group_id, student_id) VALUES ('grp-15', 'std-58');
INSERT INTO group_members (group_id, student_id) VALUES ('grp-15', 'std-59');
INSERT INTO group_members (group_id, student_id) VALUES ('grp-16', 'std-60');
INSERT INTO group_members (group_id, student_id) VALUES ('grp-16', 'std-61');
INSERT INTO group_members (group_id, student_id) VALUES ('grp-17', 'std-64');
INSERT INTO group_members (group_id, student_id) VALUES ('grp-17', 'std-65');
INSERT INTO group_members (group_id, student_id) VALUES ('grp-17', 'std-66');
INSERT INTO group_members (group_id, student_id) VALUES ('grp-18', 'std-68');
INSERT INTO group_members (group_id, student_id) VALUES ('grp-18', 'std-69');
INSERT INTO group_members (group_id, student_id) VALUES ('grp-18', 'std-70');
INSERT INTO group_members (group_id, student_id) VALUES ('grp-18', 'std-71');
INSERT INTO group_members (group_id, student_id) VALUES ('grp-19', 'std-72');
INSERT INTO group_members (group_id, student_id) VALUES ('grp-19', 'std-73');
INSERT INTO group_members (group_id, student_id) VALUES ('grp-20', 'std-76');
INSERT INTO group_members (group_id, student_id) VALUES ('grp-20', 'std-77');
INSERT INTO group_members (group_id, student_id) VALUES ('grp-20', 'std-78');
INSERT INTO group_members (group_id, student_id) VALUES ('grp-21', 'std-80');
INSERT INTO group_members (group_id, student_id) VALUES ('grp-21', 'std-81');
INSERT INTO group_members (group_id, student_id) VALUES ('grp-21', 'std-82');
INSERT INTO group_members (group_id, student_id) VALUES ('grp-21', 'std-83');
INSERT INTO group_members (group_id, student_id) VALUES ('grp-22', 'std-84');
INSERT INTO group_members (group_id, student_id) VALUES ('grp-22', 'std-85');
INSERT INTO group_members (group_id, student_id) VALUES ('grp-23', 'std-88');
INSERT INTO group_members (group_id, student_id) VALUES ('grp-23', 'std-89');
INSERT INTO group_members (group_id, student_id) VALUES ('grp-23', 'std-90');
INSERT INTO group_members (group_id, student_id) VALUES ('grp-24', 'std-92');
INSERT INTO group_members (group_id, student_id) VALUES ('grp-24', 'std-93');
INSERT INTO group_members (group_id, student_id) VALUES ('grp-24', 'std-94');
INSERT INTO group_members (group_id, student_id) VALUES ('grp-24', 'std-95');
INSERT INTO group_members (group_id, student_id) VALUES ('grp-25', 'std-96');
INSERT INTO group_members (group_id, student_id) VALUES ('grp-25', 'std-97');
INSERT INTO group_members (group_id, student_id) VALUES ('grp-26', 'std-demo');
INSERT INTO group_members (group_id, student_id) VALUES ('grp-26', 'std-1');
INSERT INTO group_members (group_id, student_id) VALUES ('grp-26', 'std-2');
INSERT INTO group_members (group_id, student_id) VALUES ('grp-27', 'std-4');
INSERT INTO group_members (group_id, student_id) VALUES ('grp-27', 'std-5');
INSERT INTO group_members (group_id, student_id) VALUES ('grp-27', 'std-6');
INSERT INTO group_members (group_id, student_id) VALUES ('grp-27', 'std-7');
INSERT INTO group_members (group_id, student_id) VALUES ('grp-28', 'std-8');
INSERT INTO group_members (group_id, student_id) VALUES ('grp-28', 'std-9');
INSERT INTO group_members (group_id, student_id) VALUES ('grp-29', 'std-12');
INSERT INTO group_members (group_id, student_id) VALUES ('grp-29', 'std-13');
INSERT INTO group_members (group_id, student_id) VALUES ('grp-29', 'std-14');
INSERT INTO group_members (group_id, student_id) VALUES ('grp-30', 'std-16');
INSERT INTO group_members (group_id, student_id) VALUES ('grp-30', 'std-17');
INSERT INTO group_members (group_id, student_id) VALUES ('grp-30', 'std-18');
INSERT INTO group_members (group_id, student_id) VALUES ('grp-30', 'std-19');
INSERT INTO group_members (group_id, student_id) VALUES ('grp-31', 'std-20');
INSERT INTO group_members (group_id, student_id) VALUES ('grp-31', 'std-21');
INSERT INTO group_members (group_id, student_id) VALUES ('grp-32', 'std-24');
INSERT INTO group_members (group_id, student_id) VALUES ('grp-32', 'std-25');
INSERT INTO group_members (group_id, student_id) VALUES ('grp-32', 'std-26');
INSERT INTO group_members (group_id, student_id) VALUES ('grp-33', 'std-28');
INSERT INTO group_members (group_id, student_id) VALUES ('grp-33', 'std-29');
INSERT INTO group_members (group_id, student_id) VALUES ('grp-33', 'std-30');
INSERT INTO group_members (group_id, student_id) VALUES ('grp-33', 'std-31');
INSERT INTO group_members (group_id, student_id) VALUES ('grp-34', 'std-32');
INSERT INTO group_members (group_id, student_id) VALUES ('grp-34', 'std-33');
INSERT INTO group_members (group_id, student_id) VALUES ('grp-35', 'std-36');
INSERT INTO group_members (group_id, student_id) VALUES ('grp-35', 'std-37');
INSERT INTO group_members (group_id, student_id) VALUES ('grp-35', 'std-38');
INSERT INTO group_members (group_id, student_id) VALUES ('grp-36', 'std-40');
INSERT INTO group_members (group_id, student_id) VALUES ('grp-36', 'std-41');
INSERT INTO group_members (group_id, student_id) VALUES ('grp-36', 'std-42');
INSERT INTO group_members (group_id, student_id) VALUES ('grp-36', 'std-43');
INSERT INTO group_members (group_id, student_id) VALUES ('grp-37', 'std-44');
INSERT INTO group_members (group_id, student_id) VALUES ('grp-37', 'std-45');
INSERT INTO group_members (group_id, student_id) VALUES ('grp-38', 'std-48');
INSERT INTO group_members (group_id, student_id) VALUES ('grp-38', 'std-49');
INSERT INTO group_members (group_id, student_id) VALUES ('grp-38', 'std-50');
INSERT INTO group_members (group_id, student_id) VALUES ('grp-39', 'std-52');
INSERT INTO group_members (group_id, student_id) VALUES ('grp-39', 'std-53');
INSERT INTO group_members (group_id, student_id) VALUES ('grp-39', 'std-54');
INSERT INTO group_members (group_id, student_id) VALUES ('grp-39', 'std-55');
INSERT INTO group_members (group_id, student_id) VALUES ('grp-40', 'std-56');
INSERT INTO group_members (group_id, student_id) VALUES ('grp-40', 'std-57');

-- ============================================================
-- SLOT ASSIGNMENTS (50)
-- ============================================================
INSERT INTO slot_assignment (id, title, date, time, project_id, room_id) VALUES ('slot-1', 'Soutenance proj-1', '2026-06-15', '08:00', 'proj-1', 'r1');
INSERT INTO slot_assignment (id, title, date, time, project_id, room_id) VALUES ('slot-2', 'Soutenance proj-2', '2026-06-16', '08:30', 'proj-2', 'r2');
INSERT INTO slot_assignment (id, title, date, time, project_id, room_id) VALUES ('slot-3', 'Soutenance proj-3', '2026-06-17', '09:00', 'proj-3', 'r3');
INSERT INTO slot_assignment (id, title, date, time, project_id, room_id) VALUES ('slot-4', 'Soutenance proj-4', '2026-06-18', '09:30', 'proj-4', 'r4');
INSERT INTO slot_assignment (id, title, date, time, project_id, room_id) VALUES ('slot-5', 'Soutenance proj-5', '2026-06-19', '10:00', 'proj-5', 'r5');
INSERT INTO slot_assignment (id, title, date, time, project_id, room_id) VALUES ('slot-6', 'Soutenance proj-6', '2026-06-22', '10:30', 'proj-6', 'r6');
INSERT INTO slot_assignment (id, title, date, time, project_id, room_id) VALUES ('slot-7', 'Soutenance proj-7', '2026-06-23', '11:00', 'proj-7', 'r7');
INSERT INTO slot_assignment (id, title, date, time, project_id, room_id) VALUES ('slot-8', 'Soutenance proj-8', '2026-06-24', '11:30', 'proj-8', 'r8');
INSERT INTO slot_assignment (id, title, date, time, project_id, room_id) VALUES ('slot-9', 'Soutenance proj-9', '2026-06-25', '13:00', 'proj-9', 'r9');
INSERT INTO slot_assignment (id, title, date, time, project_id, room_id) VALUES ('slot-10', 'Soutenance proj-10', '2026-06-26', '13:30', 'proj-10', 'r10');
INSERT INTO slot_assignment (id, title, date, time, project_id, room_id) VALUES ('slot-11', 'Soutenance proj-11', '2026-06-15', '14:00', 'proj-11', 'r11');
INSERT INTO slot_assignment (id, title, date, time, project_id, room_id) VALUES ('slot-12', 'Soutenance proj-12', '2026-06-16', '14:30', 'proj-12', 'r12');
INSERT INTO slot_assignment (id, title, date, time, project_id, room_id) VALUES ('slot-13', 'Soutenance proj-13', '2026-06-17', '15:00', 'proj-13', 'r1');
INSERT INTO slot_assignment (id, title, date, time, project_id, room_id) VALUES ('slot-14', 'Soutenance proj-14', '2026-06-18', '15:30', 'proj-14', 'r2');
INSERT INTO slot_assignment (id, title, date, time, project_id, room_id) VALUES ('slot-15', 'Soutenance proj-15', '2026-06-19', '16:00', 'proj-15', 'r3');
INSERT INTO slot_assignment (id, title, date, time, project_id, room_id) VALUES ('slot-16', 'Soutenance proj-16', '2026-06-22', '16:30', 'proj-16', 'r4');
INSERT INTO slot_assignment (id, title, date, time, project_id, room_id) VALUES ('slot-17', 'Soutenance proj-17', '2026-06-23', '08:00', 'proj-17', 'r5');
INSERT INTO slot_assignment (id, title, date, time, project_id, room_id) VALUES ('slot-18', 'Soutenance proj-18', '2026-06-24', '08:30', 'proj-18', 'r6');
INSERT INTO slot_assignment (id, title, date, time, project_id, room_id) VALUES ('slot-19', 'Soutenance proj-19', '2026-06-25', '09:00', 'proj-19', 'r7');
INSERT INTO slot_assignment (id, title, date, time, project_id, room_id) VALUES ('slot-20', 'Soutenance proj-20', '2026-06-26', '09:30', 'proj-20', 'r8');
INSERT INTO slot_assignment (id, title, date, time, project_id, room_id) VALUES ('slot-21', 'Soutenance proj-21', '2026-06-15', '10:00', 'proj-21', 'r9');
INSERT INTO slot_assignment (id, title, date, time, project_id, room_id) VALUES ('slot-22', 'Soutenance proj-22', '2026-06-16', '10:30', 'proj-22', 'r10');
INSERT INTO slot_assignment (id, title, date, time, project_id, room_id) VALUES ('slot-23', 'Soutenance proj-23', '2026-06-17', '11:00', 'proj-23', 'r11');
INSERT INTO slot_assignment (id, title, date, time, project_id, room_id) VALUES ('slot-24', 'Soutenance proj-24', '2026-06-18', '11:30', 'proj-24', 'r12');
INSERT INTO slot_assignment (id, title, date, time, project_id, room_id) VALUES ('slot-25', 'Soutenance proj-25', '2026-06-19', '13:00', 'proj-25', 'r1');
INSERT INTO slot_assignment (id, title, date, time, project_id, room_id) VALUES ('slot-26', 'Soutenance proj-1', '2026-06-22', '13:30', 'proj-1', 'r2');
INSERT INTO slot_assignment (id, title, date, time, project_id, room_id) VALUES ('slot-27', 'Soutenance proj-2', '2026-06-23', '14:00', 'proj-2', 'r3');
INSERT INTO slot_assignment (id, title, date, time, project_id, room_id) VALUES ('slot-28', 'Soutenance proj-3', '2026-06-24', '14:30', 'proj-3', 'r4');
INSERT INTO slot_assignment (id, title, date, time, project_id, room_id) VALUES ('slot-29', 'Soutenance proj-4', '2026-06-25', '15:00', 'proj-4', 'r5');
INSERT INTO slot_assignment (id, title, date, time, project_id, room_id) VALUES ('slot-30', 'Soutenance proj-5', '2026-06-26', '15:30', 'proj-5', 'r6');
INSERT INTO slot_assignment (id, title, date, time, project_id, room_id) VALUES ('slot-31', 'Soutenance proj-6', '2026-06-15', '16:00', 'proj-6', 'r7');
INSERT INTO slot_assignment (id, title, date, time, project_id, room_id) VALUES ('slot-32', 'Soutenance proj-7', '2026-06-16', '16:30', 'proj-7', 'r8');
INSERT INTO slot_assignment (id, title, date, time, project_id, room_id) VALUES ('slot-33', 'Soutenance proj-8', '2026-06-17', '08:00', 'proj-8', 'r9');
INSERT INTO slot_assignment (id, title, date, time, project_id, room_id) VALUES ('slot-34', 'Soutenance proj-9', '2026-06-18', '08:30', 'proj-9', 'r10');
INSERT INTO slot_assignment (id, title, date, time, project_id, room_id) VALUES ('slot-35', 'Soutenance proj-10', '2026-06-19', '09:00', 'proj-10', 'r11');
INSERT INTO slot_assignment (id, title, date, time, project_id, room_id) VALUES ('slot-36', 'Soutenance proj-11', '2026-06-22', '09:30', 'proj-11', 'r12');
INSERT INTO slot_assignment (id, title, date, time, project_id, room_id) VALUES ('slot-37', 'Soutenance proj-12', '2026-06-23', '10:00', 'proj-12', 'r1');
INSERT INTO slot_assignment (id, title, date, time, project_id, room_id) VALUES ('slot-38', 'Soutenance proj-13', '2026-06-24', '10:30', 'proj-13', 'r2');
INSERT INTO slot_assignment (id, title, date, time, project_id, room_id) VALUES ('slot-39', 'Soutenance proj-14', '2026-06-25', '11:00', 'proj-14', 'r3');
INSERT INTO slot_assignment (id, title, date, time, project_id, room_id) VALUES ('slot-40', 'Soutenance proj-15', '2026-06-26', '11:30', 'proj-15', 'r4');
INSERT INTO slot_assignment (id, title, date, time, project_id, room_id) VALUES ('slot-41', 'Soutenance proj-16', '2026-06-15', '13:00', 'proj-16', 'r5');
INSERT INTO slot_assignment (id, title, date, time, project_id, room_id) VALUES ('slot-42', 'Soutenance proj-17', '2026-06-16', '13:30', 'proj-17', 'r6');
INSERT INTO slot_assignment (id, title, date, time, project_id, room_id) VALUES ('slot-43', 'Soutenance proj-18', '2026-06-17', '14:00', 'proj-18', 'r7');
INSERT INTO slot_assignment (id, title, date, time, project_id, room_id) VALUES ('slot-44', 'Soutenance proj-19', '2026-06-18', '14:30', 'proj-19', 'r8');
INSERT INTO slot_assignment (id, title, date, time, project_id, room_id) VALUES ('slot-45', 'Soutenance proj-20', '2026-06-19', '15:00', 'proj-20', 'r9');
INSERT INTO slot_assignment (id, title, date, time, project_id, room_id) VALUES ('slot-46', 'Soutenance proj-21', '2026-06-22', '15:30', 'proj-21', 'r10');
INSERT INTO slot_assignment (id, title, date, time, project_id, room_id) VALUES ('slot-47', 'Soutenance proj-22', '2026-06-23', '16:00', 'proj-22', 'r11');
INSERT INTO slot_assignment (id, title, date, time, project_id, room_id) VALUES ('slot-48', 'Soutenance proj-23', '2026-06-24', '16:30', 'proj-23', 'r12');
INSERT INTO slot_assignment (id, title, date, time, project_id, room_id) VALUES ('slot-49', 'Soutenance proj-24', '2026-06-25', '08:00', 'proj-24', 'r1');
INSERT INTO slot_assignment (id, title, date, time, project_id, room_id) VALUES ('slot-50', 'Soutenance proj-25', '2026-06-26', '08:30', 'proj-25', 'r2');

-- ============================================================
-- UNAVAILABILITIES
-- ============================================================
INSERT INTO unavailability (id, teacher_id, date) VALUES ('unavail-1', '3', '2026-06-16');
INSERT INTO unavailability_slots (unavailability_id, slot) VALUES ('unavail-1', '08:00-10:00');
INSERT INTO unavailability_slots (unavailability_id, slot) VALUES ('unavail-1', '10:00-12:00');
INSERT INTO unavailability (id, teacher_id, date) VALUES ('unavail-2', '3', '2026-06-17');
INSERT INTO unavailability_slots (unavailability_id, slot) VALUES ('unavail-2', '08:00-10:00');
INSERT INTO unavailability_slots (unavailability_id, slot) VALUES ('unavail-2', '10:00-12:00');
INSERT INTO unavailability_slots (unavailability_id, slot) VALUES ('unavail-2', '14:00-16:00');
INSERT INTO unavailability (id, teacher_id, date) VALUES ('unavail-3', '3', '2026-06-19');
INSERT INTO unavailability_slots (unavailability_id, slot) VALUES ('unavail-3', '08:00-10:00');
INSERT INTO unavailability (id, teacher_id, date) VALUES ('unavail-4', '3', '2026-06-22');
INSERT INTO unavailability_slots (unavailability_id, slot) VALUES ('unavail-4', '08:00-10:00');
INSERT INTO unavailability_slots (unavailability_id, slot) VALUES ('unavail-4', '10:00-12:00');
INSERT INTO unavailability (id, teacher_id, date) VALUES ('unavail-5', '3', '2026-06-24');
INSERT INTO unavailability_slots (unavailability_id, slot) VALUES ('unavail-5', '08:00-10:00');
INSERT INTO unavailability_slots (unavailability_id, slot) VALUES ('unavail-5', '10:00-12:00');
INSERT INTO unavailability_slots (unavailability_id, slot) VALUES ('unavail-5', '14:00-16:00');
INSERT INTO unavailability (id, teacher_id, date) VALUES ('unavail-6', '3', '2026-06-25');
INSERT INTO unavailability_slots (unavailability_id, slot) VALUES ('unavail-6', '08:00-10:00');
INSERT INTO unavailability (id, teacher_id, date) VALUES ('unavail-7', '4', '2026-06-15');
INSERT INTO unavailability_slots (unavailability_id, slot) VALUES ('unavail-7', '08:00-10:00');
INSERT INTO unavailability_slots (unavailability_id, slot) VALUES ('unavail-7', '10:00-12:00');
INSERT INTO unavailability (id, teacher_id, date) VALUES ('unavail-8', '4', '2026-06-16');
INSERT INTO unavailability_slots (unavailability_id, slot) VALUES ('unavail-8', '08:00-10:00');
INSERT INTO unavailability_slots (unavailability_id, slot) VALUES ('unavail-8', '10:00-12:00');
INSERT INTO unavailability_slots (unavailability_id, slot) VALUES ('unavail-8', '14:00-16:00');
INSERT INTO unavailability (id, teacher_id, date) VALUES ('unavail-9', '4', '2026-06-18');
INSERT INTO unavailability_slots (unavailability_id, slot) VALUES ('unavail-9', '08:00-10:00');
INSERT INTO unavailability (id, teacher_id, date) VALUES ('unavail-10', '4', '2026-06-19');
INSERT INTO unavailability_slots (unavailability_id, slot) VALUES ('unavail-10', '08:00-10:00');
INSERT INTO unavailability_slots (unavailability_id, slot) VALUES ('unavail-10', '10:00-12:00');
INSERT INTO unavailability (id, teacher_id, date) VALUES ('unavail-11', '4', '2026-06-23');
INSERT INTO unavailability_slots (unavailability_id, slot) VALUES ('unavail-11', '08:00-10:00');
INSERT INTO unavailability_slots (unavailability_id, slot) VALUES ('unavail-11', '10:00-12:00');
INSERT INTO unavailability_slots (unavailability_id, slot) VALUES ('unavail-11', '14:00-16:00');
INSERT INTO unavailability (id, teacher_id, date) VALUES ('unavail-12', '4', '2026-06-24');
INSERT INTO unavailability_slots (unavailability_id, slot) VALUES ('unavail-12', '08:00-10:00');
INSERT INTO unavailability (id, teacher_id, date) VALUES ('unavail-13', '4', '2026-06-26');
INSERT INTO unavailability_slots (unavailability_id, slot) VALUES ('unavail-13', '08:00-10:00');
INSERT INTO unavailability_slots (unavailability_id, slot) VALUES ('unavail-13', '10:00-12:00');
INSERT INTO unavailability (id, teacher_id, date) VALUES ('unavail-14', 't3', '2026-06-15');
INSERT INTO unavailability_slots (unavailability_id, slot) VALUES ('unavail-14', '08:00-10:00');
INSERT INTO unavailability_slots (unavailability_id, slot) VALUES ('unavail-14', '10:00-12:00');
INSERT INTO unavailability_slots (unavailability_id, slot) VALUES ('unavail-14', '14:00-16:00');
INSERT INTO unavailability (id, teacher_id, date) VALUES ('unavail-15', 't3', '2026-06-17');
INSERT INTO unavailability_slots (unavailability_id, slot) VALUES ('unavail-15', '08:00-10:00');
INSERT INTO unavailability (id, teacher_id, date) VALUES ('unavail-16', 't3', '2026-06-18');
INSERT INTO unavailability_slots (unavailability_id, slot) VALUES ('unavail-16', '08:00-10:00');
INSERT INTO unavailability_slots (unavailability_id, slot) VALUES ('unavail-16', '10:00-12:00');
INSERT INTO unavailability (id, teacher_id, date) VALUES ('unavail-17', 't3', '2026-06-22');
INSERT INTO unavailability_slots (unavailability_id, slot) VALUES ('unavail-17', '08:00-10:00');
INSERT INTO unavailability_slots (unavailability_id, slot) VALUES ('unavail-17', '10:00-12:00');
INSERT INTO unavailability_slots (unavailability_id, slot) VALUES ('unavail-17', '14:00-16:00');
INSERT INTO unavailability (id, teacher_id, date) VALUES ('unavail-18', 't3', '2026-06-23');
INSERT INTO unavailability_slots (unavailability_id, slot) VALUES ('unavail-18', '08:00-10:00');
INSERT INTO unavailability (id, teacher_id, date) VALUES ('unavail-19', 't3', '2026-06-25');
INSERT INTO unavailability_slots (unavailability_id, slot) VALUES ('unavail-19', '08:00-10:00');
INSERT INTO unavailability_slots (unavailability_id, slot) VALUES ('unavail-19', '10:00-12:00');
INSERT INTO unavailability (id, teacher_id, date) VALUES ('unavail-20', 't3', '2026-06-26');
INSERT INTO unavailability_slots (unavailability_id, slot) VALUES ('unavail-20', '08:00-10:00');
INSERT INTO unavailability_slots (unavailability_id, slot) VALUES ('unavail-20', '10:00-12:00');
INSERT INTO unavailability_slots (unavailability_id, slot) VALUES ('unavail-20', '14:00-16:00');
INSERT INTO unavailability (id, teacher_id, date) VALUES ('unavail-21', 't4', '2026-06-16');
INSERT INTO unavailability_slots (unavailability_id, slot) VALUES ('unavail-21', '08:00-10:00');
INSERT INTO unavailability (id, teacher_id, date) VALUES ('unavail-22', 't4', '2026-06-17');
INSERT INTO unavailability_slots (unavailability_id, slot) VALUES ('unavail-22', '08:00-10:00');
INSERT INTO unavailability_slots (unavailability_id, slot) VALUES ('unavail-22', '10:00-12:00');
INSERT INTO unavailability (id, teacher_id, date) VALUES ('unavail-23', 't4', '2026-06-19');
INSERT INTO unavailability_slots (unavailability_id, slot) VALUES ('unavail-23', '08:00-10:00');
INSERT INTO unavailability_slots (unavailability_id, slot) VALUES ('unavail-23', '10:00-12:00');
INSERT INTO unavailability_slots (unavailability_id, slot) VALUES ('unavail-23', '14:00-16:00');
INSERT INTO unavailability (id, teacher_id, date) VALUES ('unavail-24', 't4', '2026-06-22');
INSERT INTO unavailability_slots (unavailability_id, slot) VALUES ('unavail-24', '08:00-10:00');
INSERT INTO unavailability (id, teacher_id, date) VALUES ('unavail-25', 't4', '2026-06-24');
INSERT INTO unavailability_slots (unavailability_id, slot) VALUES ('unavail-25', '08:00-10:00');
INSERT INTO unavailability_slots (unavailability_id, slot) VALUES ('unavail-25', '10:00-12:00');
INSERT INTO unavailability (id, teacher_id, date) VALUES ('unavail-26', 't4', '2026-06-25');
INSERT INTO unavailability_slots (unavailability_id, slot) VALUES ('unavail-26', '08:00-10:00');
INSERT INTO unavailability_slots (unavailability_id, slot) VALUES ('unavail-26', '10:00-12:00');
INSERT INTO unavailability_slots (unavailability_id, slot) VALUES ('unavail-26', '14:00-16:00');
INSERT INTO unavailability (id, teacher_id, date) VALUES ('unavail-27', 't5', '2026-06-15');
INSERT INTO unavailability_slots (unavailability_id, slot) VALUES ('unavail-27', '08:00-10:00');
INSERT INTO unavailability (id, teacher_id, date) VALUES ('unavail-28', 't5', '2026-06-16');
INSERT INTO unavailability_slots (unavailability_id, slot) VALUES ('unavail-28', '08:00-10:00');
INSERT INTO unavailability_slots (unavailability_id, slot) VALUES ('unavail-28', '10:00-12:00');
INSERT INTO unavailability (id, teacher_id, date) VALUES ('unavail-29', 't5', '2026-06-18');
INSERT INTO unavailability_slots (unavailability_id, slot) VALUES ('unavail-29', '08:00-10:00');
INSERT INTO unavailability_slots (unavailability_id, slot) VALUES ('unavail-29', '10:00-12:00');
INSERT INTO unavailability_slots (unavailability_id, slot) VALUES ('unavail-29', '14:00-16:00');
INSERT INTO unavailability (id, teacher_id, date) VALUES ('unavail-30', 't5', '2026-06-19');
INSERT INTO unavailability_slots (unavailability_id, slot) VALUES ('unavail-30', '08:00-10:00');
INSERT INTO unavailability (id, teacher_id, date) VALUES ('unavail-31', 't5', '2026-06-23');
INSERT INTO unavailability_slots (unavailability_id, slot) VALUES ('unavail-31', '08:00-10:00');
INSERT INTO unavailability_slots (unavailability_id, slot) VALUES ('unavail-31', '10:00-12:00');
INSERT INTO unavailability (id, teacher_id, date) VALUES ('unavail-32', 't5', '2026-06-24');
INSERT INTO unavailability_slots (unavailability_id, slot) VALUES ('unavail-32', '08:00-10:00');
INSERT INTO unavailability_slots (unavailability_id, slot) VALUES ('unavail-32', '10:00-12:00');
INSERT INTO unavailability_slots (unavailability_id, slot) VALUES ('unavail-32', '14:00-16:00');
INSERT INTO unavailability (id, teacher_id, date) VALUES ('unavail-33', 't5', '2026-06-26');
INSERT INTO unavailability_slots (unavailability_id, slot) VALUES ('unavail-33', '08:00-10:00');
INSERT INTO unavailability (id, teacher_id, date) VALUES ('unavail-34', 't6', '2026-06-15');
INSERT INTO unavailability_slots (unavailability_id, slot) VALUES ('unavail-34', '08:00-10:00');
INSERT INTO unavailability_slots (unavailability_id, slot) VALUES ('unavail-34', '10:00-12:00');
INSERT INTO unavailability (id, teacher_id, date) VALUES ('unavail-35', 't6', '2026-06-17');
INSERT INTO unavailability_slots (unavailability_id, slot) VALUES ('unavail-35', '08:00-10:00');
INSERT INTO unavailability_slots (unavailability_id, slot) VALUES ('unavail-35', '10:00-12:00');
INSERT INTO unavailability_slots (unavailability_id, slot) VALUES ('unavail-35', '14:00-16:00');
INSERT INTO unavailability (id, teacher_id, date) VALUES ('unavail-36', 't6', '2026-06-18');
INSERT INTO unavailability_slots (unavailability_id, slot) VALUES ('unavail-36', '08:00-10:00');
INSERT INTO unavailability (id, teacher_id, date) VALUES ('unavail-37', 't6', '2026-06-22');
INSERT INTO unavailability_slots (unavailability_id, slot) VALUES ('unavail-37', '08:00-10:00');
INSERT INTO unavailability_slots (unavailability_id, slot) VALUES ('unavail-37', '10:00-12:00');
INSERT INTO unavailability (id, teacher_id, date) VALUES ('unavail-38', 't6', '2026-06-23');
INSERT INTO unavailability_slots (unavailability_id, slot) VALUES ('unavail-38', '08:00-10:00');
INSERT INTO unavailability_slots (unavailability_id, slot) VALUES ('unavail-38', '10:00-12:00');
INSERT INTO unavailability_slots (unavailability_id, slot) VALUES ('unavail-38', '14:00-16:00');
INSERT INTO unavailability (id, teacher_id, date) VALUES ('unavail-39', 't6', '2026-06-25');
INSERT INTO unavailability_slots (unavailability_id, slot) VALUES ('unavail-39', '08:00-10:00');
INSERT INTO unavailability (id, teacher_id, date) VALUES ('unavail-40', 't6', '2026-06-26');
INSERT INTO unavailability_slots (unavailability_id, slot) VALUES ('unavail-40', '08:00-10:00');
INSERT INTO unavailability_slots (unavailability_id, slot) VALUES ('unavail-40', '10:00-12:00');
INSERT INTO unavailability (id, teacher_id, date) VALUES ('unavail-41', 't7', '2026-06-16');
INSERT INTO unavailability_slots (unavailability_id, slot) VALUES ('unavail-41', '08:00-10:00');
INSERT INTO unavailability_slots (unavailability_id, slot) VALUES ('unavail-41', '10:00-12:00');
INSERT INTO unavailability_slots (unavailability_id, slot) VALUES ('unavail-41', '14:00-16:00');
INSERT INTO unavailability (id, teacher_id, date) VALUES ('unavail-42', 't7', '2026-06-17');
INSERT INTO unavailability_slots (unavailability_id, slot) VALUES ('unavail-42', '08:00-10:00');
INSERT INTO unavailability (id, teacher_id, date) VALUES ('unavail-43', 't7', '2026-06-19');
INSERT INTO unavailability_slots (unavailability_id, slot) VALUES ('unavail-43', '08:00-10:00');
INSERT INTO unavailability_slots (unavailability_id, slot) VALUES ('unavail-43', '10:00-12:00');
INSERT INTO unavailability (id, teacher_id, date) VALUES ('unavail-44', 't7', '2026-06-22');
INSERT INTO unavailability_slots (unavailability_id, slot) VALUES ('unavail-44', '08:00-10:00');
INSERT INTO unavailability_slots (unavailability_id, slot) VALUES ('unavail-44', '10:00-12:00');
INSERT INTO unavailability_slots (unavailability_id, slot) VALUES ('unavail-44', '14:00-16:00');
INSERT INTO unavailability (id, teacher_id, date) VALUES ('unavail-45', 't7', '2026-06-24');
INSERT INTO unavailability_slots (unavailability_id, slot) VALUES ('unavail-45', '08:00-10:00');
INSERT INTO unavailability (id, teacher_id, date) VALUES ('unavail-46', 't7', '2026-06-25');
INSERT INTO unavailability_slots (unavailability_id, slot) VALUES ('unavail-46', '08:00-10:00');
INSERT INTO unavailability_slots (unavailability_id, slot) VALUES ('unavail-46', '10:00-12:00');
INSERT INTO unavailability (id, teacher_id, date) VALUES ('unavail-47', 't8', '2026-06-15');
INSERT INTO unavailability_slots (unavailability_id, slot) VALUES ('unavail-47', '08:00-10:00');
INSERT INTO unavailability_slots (unavailability_id, slot) VALUES ('unavail-47', '10:00-12:00');
INSERT INTO unavailability_slots (unavailability_id, slot) VALUES ('unavail-47', '14:00-16:00');
INSERT INTO unavailability (id, teacher_id, date) VALUES ('unavail-48', 't8', '2026-06-16');
INSERT INTO unavailability_slots (unavailability_id, slot) VALUES ('unavail-48', '08:00-10:00');
INSERT INTO unavailability (id, teacher_id, date) VALUES ('unavail-49', 't8', '2026-06-18');
INSERT INTO unavailability_slots (unavailability_id, slot) VALUES ('unavail-49', '08:00-10:00');
INSERT INTO unavailability_slots (unavailability_id, slot) VALUES ('unavail-49', '10:00-12:00');
INSERT INTO unavailability (id, teacher_id, date) VALUES ('unavail-50', 't8', '2026-06-19');
INSERT INTO unavailability_slots (unavailability_id, slot) VALUES ('unavail-50', '08:00-10:00');
INSERT INTO unavailability_slots (unavailability_id, slot) VALUES ('unavail-50', '10:00-12:00');
INSERT INTO unavailability_slots (unavailability_id, slot) VALUES ('unavail-50', '14:00-16:00');
INSERT INTO unavailability (id, teacher_id, date) VALUES ('unavail-51', 't8', '2026-06-23');
INSERT INTO unavailability_slots (unavailability_id, slot) VALUES ('unavail-51', '08:00-10:00');
INSERT INTO unavailability (id, teacher_id, date) VALUES ('unavail-52', 't8', '2026-06-24');
INSERT INTO unavailability_slots (unavailability_id, slot) VALUES ('unavail-52', '08:00-10:00');
INSERT INTO unavailability_slots (unavailability_id, slot) VALUES ('unavail-52', '10:00-12:00');
INSERT INTO unavailability (id, teacher_id, date) VALUES ('unavail-53', 't8', '2026-06-26');
INSERT INTO unavailability_slots (unavailability_id, slot) VALUES ('unavail-53', '08:00-10:00');
INSERT INTO unavailability_slots (unavailability_id, slot) VALUES ('unavail-53', '10:00-12:00');
INSERT INTO unavailability_slots (unavailability_id, slot) VALUES ('unavail-53', '14:00-16:00');
INSERT INTO unavailability (id, teacher_id, date) VALUES ('unavail-54', 't9', '2026-06-15');
INSERT INTO unavailability_slots (unavailability_id, slot) VALUES ('unavail-54', '08:00-10:00');
INSERT INTO unavailability (id, teacher_id, date) VALUES ('unavail-55', 't9', '2026-06-17');
INSERT INTO unavailability_slots (unavailability_id, slot) VALUES ('unavail-55', '08:00-10:00');
INSERT INTO unavailability_slots (unavailability_id, slot) VALUES ('unavail-55', '10:00-12:00');
INSERT INTO unavailability (id, teacher_id, date) VALUES ('unavail-56', 't9', '2026-06-18');
INSERT INTO unavailability_slots (unavailability_id, slot) VALUES ('unavail-56', '08:00-10:00');
INSERT INTO unavailability_slots (unavailability_id, slot) VALUES ('unavail-56', '10:00-12:00');
INSERT INTO unavailability_slots (unavailability_id, slot) VALUES ('unavail-56', '14:00-16:00');
INSERT INTO unavailability (id, teacher_id, date) VALUES ('unavail-57', 't9', '2026-06-22');
INSERT INTO unavailability_slots (unavailability_id, slot) VALUES ('unavail-57', '08:00-10:00');
INSERT INTO unavailability (id, teacher_id, date) VALUES ('unavail-58', 't9', '2026-06-23');
INSERT INTO unavailability_slots (unavailability_id, slot) VALUES ('unavail-58', '08:00-10:00');
INSERT INTO unavailability_slots (unavailability_id, slot) VALUES ('unavail-58', '10:00-12:00');
INSERT INTO unavailability (id, teacher_id, date) VALUES ('unavail-59', 't9', '2026-06-25');
INSERT INTO unavailability_slots (unavailability_id, slot) VALUES ('unavail-59', '08:00-10:00');
INSERT INTO unavailability_slots (unavailability_id, slot) VALUES ('unavail-59', '10:00-12:00');
INSERT INTO unavailability_slots (unavailability_id, slot) VALUES ('unavail-59', '14:00-16:00');
INSERT INTO unavailability (id, teacher_id, date) VALUES ('unavail-60', 't9', '2026-06-26');
INSERT INTO unavailability_slots (unavailability_id, slot) VALUES ('unavail-60', '08:00-10:00');
INSERT INTO unavailability (id, teacher_id, date) VALUES ('unavail-61', 't10', '2026-06-16');
INSERT INTO unavailability_slots (unavailability_id, slot) VALUES ('unavail-61', '08:00-10:00');
INSERT INTO unavailability_slots (unavailability_id, slot) VALUES ('unavail-61', '10:00-12:00');
INSERT INTO unavailability (id, teacher_id, date) VALUES ('unavail-62', 't10', '2026-06-17');
INSERT INTO unavailability_slots (unavailability_id, slot) VALUES ('unavail-62', '08:00-10:00');
INSERT INTO unavailability_slots (unavailability_id, slot) VALUES ('unavail-62', '10:00-12:00');
INSERT INTO unavailability_slots (unavailability_id, slot) VALUES ('unavail-62', '14:00-16:00');
INSERT INTO unavailability (id, teacher_id, date) VALUES ('unavail-63', 't10', '2026-06-19');
INSERT INTO unavailability_slots (unavailability_id, slot) VALUES ('unavail-63', '08:00-10:00');
INSERT INTO unavailability (id, teacher_id, date) VALUES ('unavail-64', 't10', '2026-06-22');
INSERT INTO unavailability_slots (unavailability_id, slot) VALUES ('unavail-64', '08:00-10:00');
INSERT INTO unavailability_slots (unavailability_id, slot) VALUES ('unavail-64', '10:00-12:00');
INSERT INTO unavailability (id, teacher_id, date) VALUES ('unavail-65', 't10', '2026-06-24');
INSERT INTO unavailability_slots (unavailability_id, slot) VALUES ('unavail-65', '08:00-10:00');
INSERT INTO unavailability_slots (unavailability_id, slot) VALUES ('unavail-65', '10:00-12:00');
INSERT INTO unavailability_slots (unavailability_id, slot) VALUES ('unavail-65', '14:00-16:00');
INSERT INTO unavailability (id, teacher_id, date) VALUES ('unavail-66', 't10', '2026-06-25');
INSERT INTO unavailability_slots (unavailability_id, slot) VALUES ('unavail-66', '08:00-10:00');

-- ============================================================
-- EVALUATIONS (30)
-- ============================================================
INSERT INTO evaluation (id, teacher_id, defense_session_id, project_id, role, score, comment, status, submitted_at) VALUES ('eval-1', '3', 'ds1', 'proj-1', 'Président', 16.4, 'Évaluation complète.', 'submitted', '2026-06-20T10:00:00');
INSERT INTO evaluation (id, teacher_id, defense_session_id, project_id, role, score, comment, status, submitted_at) VALUES ('eval-2', '4', 'ds2', 'proj-2', 'Rapporteur', 10.3, 'Évaluation complète.', 'submitted', '2026-06-20T10:00:00');
INSERT INTO evaluation (id, teacher_id, defense_session_id, project_id, role, score, comment, status, submitted_at) VALUES ('eval-3', 't3', 'ds3', 'proj-3', 'Examinateur', 12.8, 'Évaluation complète.', 'submitted', '2026-06-20T10:00:00');
INSERT INTO evaluation (id, teacher_id, defense_session_id, project_id, role, score, comment, status, submitted_at) VALUES ('eval-4', 't4', 'ds4', 'proj-4', 'Président', 12.2, 'Évaluation complète.', 'submitted', '2026-06-20T10:00:00');
INSERT INTO evaluation (id, teacher_id, defense_session_id, project_id, role, score, comment, status, submitted_at) VALUES ('eval-5', 't5', 'ds5', 'proj-5', 'Rapporteur', null, 'Évaluation complète.', 'pending', null);
INSERT INTO evaluation (id, teacher_id, defense_session_id, project_id, role, score, comment, status, submitted_at) VALUES ('eval-6', 't6', 'ds1', 'proj-6', 'Examinateur', null, 'Évaluation complète.', 'pending', null);
INSERT INTO evaluation (id, teacher_id, defense_session_id, project_id, role, score, comment, status, submitted_at) VALUES ('eval-7', 't7', 'ds2', 'proj-7', 'Président', 17.4, 'Évaluation complète.', 'submitted', '2026-06-20T10:00:00');
INSERT INTO evaluation (id, teacher_id, defense_session_id, project_id, role, score, comment, status, submitted_at) VALUES ('eval-8', 't8', 'ds3', 'proj-8', 'Rapporteur', 16.8, 'Évaluation complète.', 'submitted', '2026-06-20T10:00:00');
INSERT INTO evaluation (id, teacher_id, defense_session_id, project_id, role, score, comment, status, submitted_at) VALUES ('eval-9', 't9', 'ds4', 'proj-9', 'Examinateur', 18.9, 'Évaluation complète.', 'submitted', '2026-06-20T10:00:00');
INSERT INTO evaluation (id, teacher_id, defense_session_id, project_id, role, score, comment, status, submitted_at) VALUES ('eval-10', 't10', 'ds5', 'proj-10', 'Président', null, 'Évaluation complète.', 'pending', null);
INSERT INTO evaluation (id, teacher_id, defense_session_id, project_id, role, score, comment, status, submitted_at) VALUES ('eval-11', 't11', 'ds1', 'proj-11', 'Rapporteur', 10.9, 'Évaluation complète.', 'submitted', '2026-06-20T10:00:00');
INSERT INTO evaluation (id, teacher_id, defense_session_id, project_id, role, score, comment, status, submitted_at) VALUES ('eval-12', 't12', 'ds2', 'proj-12', 'Examinateur', null, 'Évaluation complète.', 'pending', null);
INSERT INTO evaluation (id, teacher_id, defense_session_id, project_id, role, score, comment, status, submitted_at) VALUES ('eval-13', '3', 'ds3', 'proj-13', 'Président', 14.2, 'Évaluation complète.', 'submitted', '2026-06-20T10:00:00');
INSERT INTO evaluation (id, teacher_id, defense_session_id, project_id, role, score, comment, status, submitted_at) VALUES ('eval-14', '4', 'ds4', 'proj-14', 'Rapporteur', 10.3, 'Évaluation complète.', 'submitted', '2026-06-20T10:00:00');
INSERT INTO evaluation (id, teacher_id, defense_session_id, project_id, role, score, comment, status, submitted_at) VALUES ('eval-15', 't3', 'ds5', 'proj-15', 'Examinateur', 12.2, 'Évaluation complète.', 'submitted', '2026-06-20T10:00:00');
INSERT INTO evaluation (id, teacher_id, defense_session_id, project_id, role, score, comment, status, submitted_at) VALUES ('eval-16', 't4', 'ds1', 'proj-16', 'Président', null, 'Évaluation complète.', 'pending', null);
INSERT INTO evaluation (id, teacher_id, defense_session_id, project_id, role, score, comment, status, submitted_at) VALUES ('eval-17', 't5', 'ds2', 'proj-17', 'Rapporteur', 15.1, 'Évaluation complète.', 'submitted', '2026-06-20T10:00:00');
INSERT INTO evaluation (id, teacher_id, defense_session_id, project_id, role, score, comment, status, submitted_at) VALUES ('eval-18', 't6', 'ds3', 'proj-18', 'Examinateur', 10.3, 'Évaluation complète.', 'submitted', '2026-06-20T10:00:00');
INSERT INTO evaluation (id, teacher_id, defense_session_id, project_id, role, score, comment, status, submitted_at) VALUES ('eval-19', 't7', 'ds4', 'proj-19', 'Président', 12.0, 'Évaluation complète.', 'submitted', '2026-06-20T10:00:00');
INSERT INTO evaluation (id, teacher_id, defense_session_id, project_id, role, score, comment, status, submitted_at) VALUES ('eval-20', 't8', 'ds5', 'proj-20', 'Rapporteur', 16.5, 'Évaluation complète.', 'submitted', '2026-06-20T10:00:00');
INSERT INTO evaluation (id, teacher_id, defense_session_id, project_id, role, score, comment, status, submitted_at) VALUES ('eval-21', 't9', 'ds1', 'proj-21', 'Examinateur', 15.4, 'Évaluation complète.', 'submitted', '2026-06-20T10:00:00');
INSERT INTO evaluation (id, teacher_id, defense_session_id, project_id, role, score, comment, status, submitted_at) VALUES ('eval-22', 't10', 'ds2', 'proj-22', 'Président', 12.2, 'Évaluation complète.', 'submitted', '2026-06-20T10:00:00');
INSERT INTO evaluation (id, teacher_id, defense_session_id, project_id, role, score, comment, status, submitted_at) VALUES ('eval-23', 't11', 'ds3', 'proj-23', 'Rapporteur', 15.9, 'Évaluation complète.', 'submitted', '2026-06-20T10:00:00');
INSERT INTO evaluation (id, teacher_id, defense_session_id, project_id, role, score, comment, status, submitted_at) VALUES ('eval-24', 't12', 'ds4', 'proj-24', 'Examinateur', 18.1, 'Évaluation complète.', 'submitted', '2026-06-20T10:00:00');
INSERT INTO evaluation (id, teacher_id, defense_session_id, project_id, role, score, comment, status, submitted_at) VALUES ('eval-25', '3', 'ds5', 'proj-25', 'Président', 10.1, 'Évaluation complète.', 'submitted', '2026-06-20T10:00:00');
INSERT INTO evaluation (id, teacher_id, defense_session_id, project_id, role, score, comment, status, submitted_at) VALUES ('eval-26', '4', 'ds1', 'proj-1', 'Rapporteur', null, 'Évaluation complète.', 'pending', null);
INSERT INTO evaluation (id, teacher_id, defense_session_id, project_id, role, score, comment, status, submitted_at) VALUES ('eval-27', 't3', 'ds2', 'proj-2', 'Examinateur', 18.1, 'Évaluation complète.', 'submitted', '2026-06-20T10:00:00');
INSERT INTO evaluation (id, teacher_id, defense_session_id, project_id, role, score, comment, status, submitted_at) VALUES ('eval-28', 't4', 'ds3', 'proj-3', 'Président', 17.0, 'Évaluation complète.', 'submitted', '2026-06-20T10:00:00');
INSERT INTO evaluation (id, teacher_id, defense_session_id, project_id, role, score, comment, status, submitted_at) VALUES ('eval-29', 't5', 'ds4', 'proj-4', 'Rapporteur', null, 'Évaluation complète.', 'pending', null);
INSERT INTO evaluation (id, teacher_id, defense_session_id, project_id, role, score, comment, status, submitted_at) VALUES ('eval-30', 't6', 'ds5', 'proj-5', 'Examinateur', 13.4, 'Évaluation complète.', 'submitted', '2026-06-20T10:00:00');

-- ============================================================
-- STUDENT DOCUMENTS (50)
-- ============================================================
INSERT INTO student_document (id, student_id, name, type, deadline, status, submitted_at, file_path) VALUES ('doc-1', 'std-demo', 'Rapport PFE', 'report', '2026-06-01', 'submitted', '2026-05-25T14:00:00', '/uploads/std-demo/rapport_pfe.pdf');
INSERT INTO student_document (id, student_id, name, type, deadline, status, submitted_at, file_path) VALUES ('doc-2', 'std-1', 'Fiche de synthese', 'summary', '2026-06-01', 'submitted', '2026-05-25T14:00:00', '/uploads/std-1/fiche_de_synthese.pdf');
INSERT INTO student_document (id, student_id, name, type, deadline, status, submitted_at, file_path) VALUES ('doc-3', 'std-2', 'Presentation', 'presentation', '2026-06-01', 'submitted', '2026-05-25T14:00:00', '/uploads/std-2/presentation.pdf');
INSERT INTO student_document (id, student_id, name, type, deadline, status, submitted_at, file_path) VALUES ('doc-4', 'std-3', 'Poster', 'poster', '2026-06-01', 'missing', null, null);
INSERT INTO student_document (id, student_id, name, type, deadline, status, submitted_at, file_path) VALUES ('doc-5', 'std-4', 'Rapport technique', 'technical_report', '2026-06-01', 'missing', null, null);
INSERT INTO student_document (id, student_id, name, type, deadline, status, submitted_at, file_path) VALUES ('doc-6', 'std-5', 'Manuel utilisateur', 'user_manual', '2026-06-01', 'submitted', '2026-05-25T14:00:00', '/uploads/std-5/manuel_utilisateur.pdf');
INSERT INTO student_document (id, student_id, name, type, deadline, status, submitted_at, file_path) VALUES ('doc-7', 'std-6', 'Code source', 'source_code', '2026-06-01', 'missing', null, null);
INSERT INTO student_document (id, student_id, name, type, deadline, status, submitted_at, file_path) VALUES ('doc-8', 'std-7', 'Annexes', 'appendices', '2026-06-01', 'submitted', '2026-05-25T14:00:00', '/uploads/std-7/annexes.pdf');
INSERT INTO student_document (id, student_id, name, type, deadline, status, submitted_at, file_path) VALUES ('doc-9', 'std-8', 'Rapport PFE', 'report', '2026-06-01', 'submitted', '2026-05-25T14:00:00', '/uploads/std-8/rapport_pfe.pdf');
INSERT INTO student_document (id, student_id, name, type, deadline, status, submitted_at, file_path) VALUES ('doc-10', 'std-9', 'Fiche de synthese', 'summary', '2026-06-01', 'missing', null, null);
INSERT INTO student_document (id, student_id, name, type, deadline, status, submitted_at, file_path) VALUES ('doc-11', 'std-10', 'Presentation', 'presentation', '2026-06-01', 'submitted', '2026-05-25T14:00:00', '/uploads/std-10/presentation.pdf');
INSERT INTO student_document (id, student_id, name, type, deadline, status, submitted_at, file_path) VALUES ('doc-12', 'std-11', 'Poster', 'poster', '2026-06-01', 'submitted', '2026-05-25T14:00:00', '/uploads/std-11/poster.pdf');
INSERT INTO student_document (id, student_id, name, type, deadline, status, submitted_at, file_path) VALUES ('doc-13', 'std-12', 'Rapport technique', 'technical_report', '2026-06-01', 'submitted', '2026-05-25T14:00:00', '/uploads/std-12/rapport_technique.pdf');
INSERT INTO student_document (id, student_id, name, type, deadline, status, submitted_at, file_path) VALUES ('doc-14', 'std-13', 'Manuel utilisateur', 'user_manual', '2026-06-01', 'missing', null, null);
INSERT INTO student_document (id, student_id, name, type, deadline, status, submitted_at, file_path) VALUES ('doc-15', 'std-14', 'Code source', 'source_code', '2026-06-01', 'missing', null, null);
INSERT INTO student_document (id, student_id, name, type, deadline, status, submitted_at, file_path) VALUES ('doc-16', 'std-15', 'Annexes', 'appendices', '2026-06-01', 'submitted', '2026-05-25T14:00:00', '/uploads/std-15/annexes.pdf');
INSERT INTO student_document (id, student_id, name, type, deadline, status, submitted_at, file_path) VALUES ('doc-17', 'std-16', 'Rapport PFE', 'report', '2026-06-01', 'missing', null, null);
INSERT INTO student_document (id, student_id, name, type, deadline, status, submitted_at, file_path) VALUES ('doc-18', 'std-17', 'Fiche de synthese', 'summary', '2026-06-01', 'submitted', '2026-05-25T14:00:00', '/uploads/std-17/fiche_de_synthese.pdf');
INSERT INTO student_document (id, student_id, name, type, deadline, status, submitted_at, file_path) VALUES ('doc-19', 'std-18', 'Presentation', 'presentation', '2026-06-01', 'submitted', '2026-05-25T14:00:00', '/uploads/std-18/presentation.pdf');
INSERT INTO student_document (id, student_id, name, type, deadline, status, submitted_at, file_path) VALUES ('doc-20', 'std-19', 'Poster', 'poster', '2026-06-01', 'missing', null, null);
INSERT INTO student_document (id, student_id, name, type, deadline, status, submitted_at, file_path) VALUES ('doc-21', 'std-20', 'Rapport technique', 'technical_report', '2026-06-01', 'submitted', '2026-05-25T14:00:00', '/uploads/std-20/rapport_technique.pdf');
INSERT INTO student_document (id, student_id, name, type, deadline, status, submitted_at, file_path) VALUES ('doc-22', 'std-21', 'Manuel utilisateur', 'user_manual', '2026-06-01', 'submitted', '2026-05-25T14:00:00', '/uploads/std-21/manuel_utilisateur.pdf');
INSERT INTO student_document (id, student_id, name, type, deadline, status, submitted_at, file_path) VALUES ('doc-23', 'std-22', 'Code source', 'source_code', '2026-06-01', 'submitted', '2026-05-25T14:00:00', '/uploads/std-22/code_source.pdf');
INSERT INTO student_document (id, student_id, name, type, deadline, status, submitted_at, file_path) VALUES ('doc-24', 'std-23', 'Annexes', 'appendices', '2026-06-01', 'missing', null, null);
INSERT INTO student_document (id, student_id, name, type, deadline, status, submitted_at, file_path) VALUES ('doc-25', 'std-24', 'Rapport PFE', 'report', '2026-06-01', 'missing', null, null);
INSERT INTO student_document (id, student_id, name, type, deadline, status, submitted_at, file_path) VALUES ('doc-26', 'std-25', 'Fiche de synthese', 'summary', '2026-06-01', 'submitted', '2026-05-25T14:00:00', '/uploads/std-25/fiche_de_synthese.pdf');
INSERT INTO student_document (id, student_id, name, type, deadline, status, submitted_at, file_path) VALUES ('doc-27', 'std-26', 'Presentation', 'presentation', '2026-06-01', 'missing', null, null);
INSERT INTO student_document (id, student_id, name, type, deadline, status, submitted_at, file_path) VALUES ('doc-28', 'std-27', 'Poster', 'poster', '2026-06-01', 'submitted', '2026-05-25T14:00:00', '/uploads/std-27/poster.pdf');
INSERT INTO student_document (id, student_id, name, type, deadline, status, submitted_at, file_path) VALUES ('doc-29', 'std-28', 'Rapport technique', 'technical_report', '2026-06-01', 'submitted', '2026-05-25T14:00:00', '/uploads/std-28/rapport_technique.pdf');
INSERT INTO student_document (id, student_id, name, type, deadline, status, submitted_at, file_path) VALUES ('doc-30', 'std-29', 'Manuel utilisateur', 'user_manual', '2026-06-01', 'missing', null, null);
INSERT INTO student_document (id, student_id, name, type, deadline, status, submitted_at, file_path) VALUES ('doc-31', 'std-30', 'Code source', 'source_code', '2026-06-01', 'submitted', '2026-05-25T14:00:00', '/uploads/std-30/code_source.pdf');
INSERT INTO student_document (id, student_id, name, type, deadline, status, submitted_at, file_path) VALUES ('doc-32', 'std-31', 'Annexes', 'appendices', '2026-06-01', 'submitted', '2026-05-25T14:00:00', '/uploads/std-31/annexes.pdf');
INSERT INTO student_document (id, student_id, name, type, deadline, status, submitted_at, file_path) VALUES ('doc-33', 'std-32', 'Rapport PFE', 'report', '2026-06-01', 'submitted', '2026-05-25T14:00:00', '/uploads/std-32/rapport_pfe.pdf');
INSERT INTO student_document (id, student_id, name, type, deadline, status, submitted_at, file_path) VALUES ('doc-34', 'std-33', 'Fiche de synthese', 'summary', '2026-06-01', 'missing', null, null);
INSERT INTO student_document (id, student_id, name, type, deadline, status, submitted_at, file_path) VALUES ('doc-35', 'std-34', 'Presentation', 'presentation', '2026-06-01', 'missing', null, null);
INSERT INTO student_document (id, student_id, name, type, deadline, status, submitted_at, file_path) VALUES ('doc-36', 'std-35', 'Poster', 'poster', '2026-06-01', 'submitted', '2026-05-25T14:00:00', '/uploads/std-35/poster.pdf');
INSERT INTO student_document (id, student_id, name, type, deadline, status, submitted_at, file_path) VALUES ('doc-37', 'std-36', 'Rapport technique', 'technical_report', '2026-06-01', 'missing', null, null);
INSERT INTO student_document (id, student_id, name, type, deadline, status, submitted_at, file_path) VALUES ('doc-38', 'std-37', 'Manuel utilisateur', 'user_manual', '2026-06-01', 'submitted', '2026-05-25T14:00:00', '/uploads/std-37/manuel_utilisateur.pdf');
INSERT INTO student_document (id, student_id, name, type, deadline, status, submitted_at, file_path) VALUES ('doc-39', 'std-38', 'Code source', 'source_code', '2026-06-01', 'submitted', '2026-05-25T14:00:00', '/uploads/std-38/code_source.pdf');
INSERT INTO student_document (id, student_id, name, type, deadline, status, submitted_at, file_path) VALUES ('doc-40', 'std-39', 'Annexes', 'appendices', '2026-06-01', 'missing', null, null);
INSERT INTO student_document (id, student_id, name, type, deadline, status, submitted_at, file_path) VALUES ('doc-41', 'std-40', 'Rapport PFE', 'report', '2026-06-01', 'submitted', '2026-05-25T14:00:00', '/uploads/std-40/rapport_pfe.pdf');
INSERT INTO student_document (id, student_id, name, type, deadline, status, submitted_at, file_path) VALUES ('doc-42', 'std-41', 'Fiche de synthese', 'summary', '2026-06-01', 'submitted', '2026-05-25T14:00:00', '/uploads/std-41/fiche_de_synthese.pdf');
INSERT INTO student_document (id, student_id, name, type, deadline, status, submitted_at, file_path) VALUES ('doc-43', 'std-42', 'Presentation', 'presentation', '2026-06-01', 'submitted', '2026-05-25T14:00:00', '/uploads/std-42/presentation.pdf');
INSERT INTO student_document (id, student_id, name, type, deadline, status, submitted_at, file_path) VALUES ('doc-44', 'std-43', 'Poster', 'poster', '2026-06-01', 'missing', null, null);
INSERT INTO student_document (id, student_id, name, type, deadline, status, submitted_at, file_path) VALUES ('doc-45', 'std-44', 'Rapport technique', 'technical_report', '2026-06-01', 'missing', null, null);
INSERT INTO student_document (id, student_id, name, type, deadline, status, submitted_at, file_path) VALUES ('doc-46', 'std-45', 'Manuel utilisateur', 'user_manual', '2026-06-01', 'submitted', '2026-05-25T14:00:00', '/uploads/std-45/manuel_utilisateur.pdf');
INSERT INTO student_document (id, student_id, name, type, deadline, status, submitted_at, file_path) VALUES ('doc-47', 'std-46', 'Code source', 'source_code', '2026-06-01', 'missing', null, null);
INSERT INTO student_document (id, student_id, name, type, deadline, status, submitted_at, file_path) VALUES ('doc-48', 'std-47', 'Annexes', 'appendices', '2026-06-01', 'submitted', '2026-05-25T14:00:00', '/uploads/std-47/annexes.pdf');
INSERT INTO student_document (id, student_id, name, type, deadline, status, submitted_at, file_path) VALUES ('doc-49', 'std-48', 'Rapport PFE', 'report', '2026-06-01', 'submitted', '2026-05-25T14:00:00', '/uploads/std-48/rapport_pfe.pdf');
INSERT INTO student_document (id, student_id, name, type, deadline, status, submitted_at, file_path) VALUES ('doc-50', 'std-49', 'Fiche de synthese', 'summary', '2026-06-01', 'missing', null, null);

-- ============================================================
-- NOTIFICATIONS (30)
-- ============================================================
INSERT INTO notification (id, type, title, message, timestamp, read, action_link, actor) VALUES ('notif-1', 'info', 'Nouvelle soutenance programmée', 'Message détaillé pour nouvelle soutenance programmée.', '2026-05-10T08:00:00', true, '/dashboard', 'admin@univh2c.ma');
INSERT INTO notification (id, type, title, message, timestamp, read, action_link, actor) VALUES ('notif-2', 'warning', 'Soumission de document', 'Message détaillé pour soumission de document.', '2026-05-11T09:00:00', true, '/dashboard', 'coord@univh2c.ma');
INSERT INTO notification (id, type, title, message, timestamp, read, action_link, actor) VALUES ('notif-3', 'success', 'Rappel: date limite approche', 'Message détaillé pour rappel: date limite approche.', '2026-05-12T10:00:00', true, '/dashboard', 'admin@univh2c.ma');
INSERT INTO notification (id, type, title, message, timestamp, read, action_link, actor) VALUES ('notif-4', 'error', 'Changement de jury', 'Message détaillé pour changement de jury.', '2026-05-13T11:00:00', true, '/dashboard', 'coord@univh2c.ma');
INSERT INTO notification (id, type, title, message, timestamp, read, action_link, actor) VALUES ('notif-5', 'reminder', 'Note publiée', 'Message détaillé pour note publiée.', '2026-05-14T12:00:00', true, '/dashboard', 'admin@univh2c.ma');
INSERT INTO notification (id, type, title, message, timestamp, read, action_link, actor) VALUES ('notif-6', 'info', 'Soutenance annulée', 'Message détaillé pour soutenance annulée.', '2026-05-15T13:00:00', true, '/dashboard', 'coord@univh2c.ma');
INSERT INTO notification (id, type, title, message, timestamp, read, action_link, actor) VALUES ('notif-7', 'warning', 'Nouveau projet ajouté', 'Message détaillé pour nouveau projet ajouté.', '2026-05-16T14:00:00', true, '/dashboard', 'admin@univh2c.ma');
INSERT INTO notification (id, type, title, message, timestamp, read, action_link, actor) VALUES ('notif-8', 'success', 'Date de soutenance modifiée', 'Message détaillé pour date de soutenance modifiée.', '2026-05-17T15:00:00', true, '/dashboard', 'coord@univh2c.ma');
INSERT INTO notification (id, type, title, message, timestamp, read, action_link, actor) VALUES ('notif-9', 'error', 'Feedback disponible', 'Message détaillé pour feedback disponible.', '2026-05-18T08:00:00', true, '/dashboard', 'admin@univh2c.ma');
INSERT INTO notification (id, type, title, message, timestamp, read, action_link, actor) VALUES ('notif-10', 'reminder', 'Inscription confirmée', 'Message détaillé pour inscription confirmée.', '2026-05-19T09:00:00', true, '/dashboard', 'coord@univh2c.ma');
INSERT INTO notification (id, type, title, message, timestamp, read, action_link, actor) VALUES ('notif-11', 'info', 'Session ouverte', 'Message détaillé pour session ouverte.', '2026-05-20T10:00:00', true, '/dashboard', 'admin@univh2c.ma');
INSERT INTO notification (id, type, title, message, timestamp, read, action_link, actor) VALUES ('notif-12', 'warning', 'Compte rendu disponible', 'Message détaillé pour compte rendu disponible.', '2026-05-21T11:00:00', true, '/dashboard', 'coord@univh2c.ma');
INSERT INTO notification (id, type, title, message, timestamp, read, action_link, actor) VALUES ('notif-13', 'success', 'Nouvelle soutenance programmée', 'Message détaillé pour nouvelle soutenance programmée.', '2026-05-22T12:00:00', true, '/dashboard', 'admin@univh2c.ma');
INSERT INTO notification (id, type, title, message, timestamp, read, action_link, actor) VALUES ('notif-14', 'error', 'Soumission de document', 'Message détaillé pour soumission de document.', '2026-05-23T13:00:00', true, '/dashboard', 'coord@univh2c.ma');
INSERT INTO notification (id, type, title, message, timestamp, read, action_link, actor) VALUES ('notif-15', 'reminder', 'Rappel: date limite approche', 'Message détaillé pour rappel: date limite approche.', '2026-05-24T14:00:00', true, '/dashboard', 'admin@univh2c.ma');
INSERT INTO notification (id, type, title, message, timestamp, read, action_link, actor) VALUES ('notif-16', 'info', 'Changement de jury', 'Message détaillé pour changement de jury.', '2026-05-25T15:00:00', false, '/dashboard', 'coord@univh2c.ma');
INSERT INTO notification (id, type, title, message, timestamp, read, action_link, actor) VALUES ('notif-17', 'warning', 'Note publiée', 'Message détaillé pour note publiée.', '2026-05-26T08:00:00', false, '/dashboard', 'admin@univh2c.ma');
INSERT INTO notification (id, type, title, message, timestamp, read, action_link, actor) VALUES ('notif-18', 'success', 'Soutenance annulée', 'Message détaillé pour soutenance annulée.', '2026-05-27T09:00:00', false, '/dashboard', 'coord@univh2c.ma');
INSERT INTO notification (id, type, title, message, timestamp, read, action_link, actor) VALUES ('notif-19', 'error', 'Nouveau projet ajouté', 'Message détaillé pour nouveau projet ajouté.', '2026-05-28T10:00:00', false, '/dashboard', 'admin@univh2c.ma');
INSERT INTO notification (id, type, title, message, timestamp, read, action_link, actor) VALUES ('notif-20', 'reminder', 'Date de soutenance modifiée', 'Message détaillé pour date de soutenance modifiée.', '2026-05-29T11:00:00', false, '/dashboard', 'coord@univh2c.ma');
INSERT INTO notification (id, type, title, message, timestamp, read, action_link, actor) VALUES ('notif-21', 'info', 'Feedback disponible', 'Message détaillé pour feedback disponible.', '2026-05-10T12:00:00', false, '/dashboard', 'admin@univh2c.ma');
INSERT INTO notification (id, type, title, message, timestamp, read, action_link, actor) VALUES ('notif-22', 'warning', 'Inscription confirmée', 'Message détaillé pour inscription confirmée.', '2026-05-11T13:00:00', false, '/dashboard', 'coord@univh2c.ma');
INSERT INTO notification (id, type, title, message, timestamp, read, action_link, actor) VALUES ('notif-23', 'success', 'Session ouverte', 'Message détaillé pour session ouverte.', '2026-05-12T14:00:00', false, '/dashboard', 'admin@univh2c.ma');
INSERT INTO notification (id, type, title, message, timestamp, read, action_link, actor) VALUES ('notif-24', 'error', 'Compte rendu disponible', 'Message détaillé pour compte rendu disponible.', '2026-05-13T15:00:00', false, '/dashboard', 'coord@univh2c.ma');
INSERT INTO notification (id, type, title, message, timestamp, read, action_link, actor) VALUES ('notif-25', 'reminder', 'Nouvelle soutenance programmée', 'Message détaillé pour nouvelle soutenance programmée.', '2026-05-14T08:00:00', false, '/dashboard', 'admin@univh2c.ma');
INSERT INTO notification (id, type, title, message, timestamp, read, action_link, actor) VALUES ('notif-26', 'info', 'Soumission de document', 'Message détaillé pour soumission de document.', '2026-05-15T09:00:00', false, '/dashboard', 'coord@univh2c.ma');
INSERT INTO notification (id, type, title, message, timestamp, read, action_link, actor) VALUES ('notif-27', 'warning', 'Rappel: date limite approche', 'Message détaillé pour rappel: date limite approche.', '2026-05-16T10:00:00', false, '/dashboard', 'admin@univh2c.ma');
INSERT INTO notification (id, type, title, message, timestamp, read, action_link, actor) VALUES ('notif-28', 'success', 'Changement de jury', 'Message détaillé pour changement de jury.', '2026-05-17T11:00:00', false, '/dashboard', 'coord@univh2c.ma');
INSERT INTO notification (id, type, title, message, timestamp, read, action_link, actor) VALUES ('notif-29', 'error', 'Note publiée', 'Message détaillé pour note publiée.', '2026-05-18T12:00:00', false, '/dashboard', 'admin@univh2c.ma');
INSERT INTO notification (id, type, title, message, timestamp, read, action_link, actor) VALUES ('notif-30', 'reminder', 'Soutenance annulée', 'Message détaillé pour soutenance annulée.', '2026-05-19T13:00:00', false, '/dashboard', 'coord@univh2c.ma');

-- ============================================================
-- AUDIT LOGS (20)
-- ============================================================
INSERT INTO audit_log (id, action, entity, entity_id, admin_email, details, timestamp) VALUES ('audit-1', 'CREATE', 'Project', 'proj-1', 'admin@univh2c.ma', 'Action create effectuée sur project proj-1.', '2026-05-10T09:30:00');
INSERT INTO audit_log (id, action, entity, entity_id, admin_email, details, timestamp) VALUES ('audit-2', 'UPDATE', 'Student', 'std-2', 'admin@univh2c.ma', 'Action update effectuée sur student std-2.', '2026-05-11T10:30:00');
INSERT INTO audit_log (id, action, entity, entity_id, admin_email, details, timestamp) VALUES ('audit-3', 'DELETE', 'DefenseSession', 'std-3', 'admin@univh2c.ma', 'Action delete effectuée sur defensesession std-3.', '2026-05-12T11:30:00');
INSERT INTO audit_log (id, action, entity, entity_id, admin_email, details, timestamp) VALUES ('audit-4', 'APPROVE', 'GlobalSession', 'std-4', 'admin@univh2c.ma', 'Action approve effectuée sur globalsession std-4.', '2026-05-13T12:30:00');
INSERT INTO audit_log (id, action, entity, entity_id, admin_email, details, timestamp) VALUES ('audit-5', 'REJECT', 'Jury', 'std-5', 'admin@univh2c.ma', 'Action reject effectuée sur jury std-5.', '2026-05-14T13:30:00');
INSERT INTO audit_log (id, action, entity, entity_id, admin_email, details, timestamp) VALUES ('audit-6', 'ARCHIVE', 'User', 'std-6', 'admin@univh2c.ma', 'Action archive effectuée sur user std-6.', '2026-05-15T14:30:00');
INSERT INTO audit_log (id, action, entity, entity_id, admin_email, details, timestamp) VALUES ('audit-7', 'ACTIVATE', 'Room', 'std-7', 'admin@univh2c.ma', 'Action activate effectuée sur room std-7.', '2026-05-16T15:30:00');
INSERT INTO audit_log (id, action, entity, entity_id, admin_email, details, timestamp) VALUES ('audit-8', 'DEACTIVATE', 'Document', 'std-8', 'admin@univh2c.ma', 'Action deactivate effectuée sur document std-8.', '2026-05-17T16:30:00');
INSERT INTO audit_log (id, action, entity, entity_id, admin_email, details, timestamp) VALUES ('audit-9', 'CREATE', 'Project', 'proj-9', 'admin@univh2c.ma', 'Action create effectuée sur project proj-9.', '2026-05-18T09:30:00');
INSERT INTO audit_log (id, action, entity, entity_id, admin_email, details, timestamp) VALUES ('audit-10', 'UPDATE', 'Student', 'std-10', 'admin@univh2c.ma', 'Action update effectuée sur student std-10.', '2026-05-19T10:30:00');
INSERT INTO audit_log (id, action, entity, entity_id, admin_email, details, timestamp) VALUES ('audit-11', 'DELETE', 'DefenseSession', 'std-11', 'admin@univh2c.ma', 'Action delete effectuée sur defensesession std-11.', '2026-05-20T11:30:00');
INSERT INTO audit_log (id, action, entity, entity_id, admin_email, details, timestamp) VALUES ('audit-12', 'APPROVE', 'GlobalSession', 'std-12', 'admin@univh2c.ma', 'Action approve effectuée sur globalsession std-12.', '2026-05-21T12:30:00');
INSERT INTO audit_log (id, action, entity, entity_id, admin_email, details, timestamp) VALUES ('audit-13', 'REJECT', 'Jury', 'std-13', 'admin@univh2c.ma', 'Action reject effectuée sur jury std-13.', '2026-05-22T13:30:00');
INSERT INTO audit_log (id, action, entity, entity_id, admin_email, details, timestamp) VALUES ('audit-14', 'ARCHIVE', 'User', 'std-14', 'admin@univh2c.ma', 'Action archive effectuée sur user std-14.', '2026-05-23T14:30:00');
INSERT INTO audit_log (id, action, entity, entity_id, admin_email, details, timestamp) VALUES ('audit-15', 'ACTIVATE', 'Room', 'std-15', 'admin@univh2c.ma', 'Action activate effectuée sur room std-15.', '2026-05-24T15:30:00');
INSERT INTO audit_log (id, action, entity, entity_id, admin_email, details, timestamp) VALUES ('audit-16', 'DEACTIVATE', 'Document', 'std-16', 'admin@univh2c.ma', 'Action deactivate effectuée sur document std-16.', '2026-05-25T16:30:00');
INSERT INTO audit_log (id, action, entity, entity_id, admin_email, details, timestamp) VALUES ('audit-17', 'CREATE', 'Project', 'proj-17', 'admin@univh2c.ma', 'Action create effectuée sur project proj-17.', '2026-05-26T09:30:00');
INSERT INTO audit_log (id, action, entity, entity_id, admin_email, details, timestamp) VALUES ('audit-18', 'UPDATE', 'Student', 'std-18', 'admin@univh2c.ma', 'Action update effectuée sur student std-18.', '2026-05-27T10:30:00');
INSERT INTO audit_log (id, action, entity, entity_id, admin_email, details, timestamp) VALUES ('audit-19', 'DELETE', 'DefenseSession', 'std-19', 'admin@univh2c.ma', 'Action delete effectuée sur defensesession std-19.', '2026-05-28T11:30:00');
INSERT INTO audit_log (id, action, entity, entity_id, admin_email, details, timestamp) VALUES ('audit-20', 'APPROVE', 'GlobalSession', 'std-20', 'admin@univh2c.ma', 'Action approve effectuée sur globalsession std-20.', '2026-05-29T12:30:00');

-- ============================================================
-- CONFIGURATION TABLES
-- ============================================================
INSERT INTO defense_settings (id, start_time, end_time, defense_duration, break_duration, group_creation_start_date, group_creation_end_date) VALUES ('default', '08:00', '18:00', 30, 15, '2026-03-01', '2026-05-01');
INSERT INTO general_settings (id, institution_name, institution_logo_url, timezone, date_format, setup_completed) VALUES ('default', 'Université Hassan II', '', 'Africa/Casablanca', 'DD/MM/YYYY', true);
INSERT INTO defense_type_config (id, enabled, label, label_plural, default_duration, default_break) VALUES ('pfe', true, 'Projet de Fin d''Études', 'PFE', 30, 15);
INSERT INTO defense_type_config (id, enabled, label, label_plural, default_duration, default_break) VALUES ('memoire', true, 'Mémoire', 'Mémoires', 45, 15);
INSERT INTO defense_type_config (id, enabled, label, label_plural, default_duration, default_break) VALUES ('these', true, 'Thèse', 'Thèses', 60, 20);
INSERT INTO document_config (id, max_file_size_mb, allowed_extensions, version_limit) VALUES ('default', 10, 'pdf,doc,docx', 5);
INSERT INTO email_config (id, host, port, username, password, sender_name, sender_email, encryption) VALUES ('default', '', 587, '', '', 'FSBM Soutenance', 'noreply@soutenance.univh2c.ma', 'tls');

-- ============================================================
-- END OF SEED DATA
-- ============================================================